name,type,address,location,pname,cityname,adname
瑞幸咖啡(写意创意中心店),餐饮服务;咖啡厅;咖啡厅,四平路1147弄1号楼写意创意中心一层大堂,"121.503882,31.278056",上海市,上海市,杨浦区
瑞幸咖啡(凤城巷店),餐饮服务;咖啡厅;咖啡厅,凤城路5号凤城巷园区内8号楼一层117室,"121.525251,31.274003",上海市,上海市,杨浦区
瑞幸咖啡(同济联合广场店),餐饮服务;咖啡厅;咖啡厅,四平路1388号同济联合广场F1,"121.507177,31.281474",上海市,上海市,杨浦区
瑞幸咖啡(联创设计谷店),餐饮服务;咖啡厅;咖啡厅,控江路1500弄联创设计建筑主楼一层大堂,"121.520868,31.276428",上海市,上海市,杨浦区
瑞幸咖啡(怡富广场店),餐饮服务;咖啡厅;咖啡厅,黄兴路1737号九隆坊生活广场一层140室,"121.519514,31.290710",上海市,上海市,杨浦区
瑞幸咖啡(杨浦复旦科技园店),餐饮服务;咖啡厅;咖啡厅,国泰路11号复旦科技园大厦主楼一层大堂,"121.507794,31.288006",上海市,上海市,杨浦区
瑞幸咖啡(绿色米兰广场店),餐饮服务;咖啡厅;咖啡厅,国权路39号绿色米兰财富国际广场金座一层大堂,"121.518636,31.287535",上海市,上海市,杨浦区
瑞幸咖啡(颐高数码广场店),餐饮服务;咖啡厅;咖啡厅,邯郸路365号颐高数码广场一层,"121.508436,31.297525",上海市,上海市,杨浦区
瑞幸咖啡(上海复旦软件园店),餐饮服务;咖啡厅;咖啡厅,"隆昌路608-4,复旦软件园2号楼一层,一点点奶茶隔壁","121.542808,31.276105",上海市,上海市,杨浦区
瑞幸咖啡(宝龙·旭辉广场店),餐饮服务;咖啡厅;咖啡厅,定海路街道杨浦区环创中心,"121.542312,31.278178",上海市,上海市,杨浦区
瑞幸咖啡(上海国际设计中心店),餐饮服务;餐饮相关场所;餐饮相关,国康路100号上海国际设计中心西楼一层102室,"121.501496,31.287017",上海市,上海市,杨浦区
瑞幸咖啡(复旦大学南苑餐厅店),餐饮服务;咖啡厅;咖啡厅,五角场街道政肃路复旦大学南苑餐厅一层,"121.506161,31.294317",上海市,上海市,杨浦区
瑞幸咖啡(文通国际广场店),餐饮服务;咖啡厅;咖啡厅,贵阳路398号文通国际广场北一层大堂,"121.550171,31.274730",上海市,上海市,杨浦区
Luckin coffee瑞幸咖啡(创智源店),餐饮服务;餐饮相关场所;餐饮相关,政民路20号靠近淞沪路(江湾体育场地铁站7号口旁),"121.512802,31.304061",上海市,上海市,杨浦区
瑞幸咖啡(五角场万达B座写字楼店),餐饮服务;咖啡厅;咖啡厅,淞沪路77号地下一层B1095,"121.513204,31.300625",上海市,上海市,杨浦区
瑞幸咖啡,餐饮服务;咖啡厅;咖啡厅,国定东路与创造路交叉口东北140米,"121.520902,31.297617",上海市,上海市,杨浦区
瑞幸咖啡(合生汇国际中心店),餐饮服务;咖啡厅;咖啡厅,合生汇国际中心写字楼一楼大堂,"121.516754,31.299226",上海市,上海市,杨浦区
瑞幸咖啡(同和国际大厦店),餐饮服务;餐饮相关场所;餐饮相关,国通路133号同和国际大厦4号楼,"121.507945,31.308945",上海市,上海市,杨浦区
瑞幸咖啡(133世界广场店),餐饮服务;餐饮相关场所;餐饮相关,世界路125号绿源天地A座一层,"121.525869,31.321149",上海市,上海市,杨浦区
瑞幸咖啡(国霞路店),餐饮服务;餐饮相关场所;餐饮相关,国霞路保辉国际大厦,"121.505773,31.315474",上海市,上海市,杨浦区
瑞幸咖啡(尚浦中心店),餐饮服务;咖啡厅;咖啡厅,江湾城路99号1层,"121.509811,31.316584",上海市,上海市,杨浦区
瑞幸咖啡(互联网创新园店),餐饮服务;咖啡厅;咖啡厅,逸仙路2816号华滋奔腾大厦,"121.494066,31.336956",上海市,上海市,宝山区
瑞幸咖啡(中设广场店),餐饮服务;咖啡厅;咖啡厅,殷高路1号中设广场1号楼一层大堂,"121.494439,31.321273",上海市,上海市,宝山区
瑞幸咖啡(湾谷科技园店),餐饮服务;餐饮相关场所;餐饮相关,国权北路1688号湾谷科技园B7栋一层大堂,"121.502479,31.341202",上海市,上海市,杨浦区
瑞幸咖啡(星球影棚店),餐饮服务;咖啡厅;咖啡厅,长江路258号C6号星球影棚1层102室,"121.495345,31.348752",上海市,上海市,宝山区
瑞幸咖啡(森兰商都店),餐饮服务;咖啡厅;咖啡厅,启帆路628号森兰商都商场一层1-114室,"121.591244,31.311950",上海市,上海市,浦东新区
瑞幸咖啡(森兰国际店),餐饮服务;咖啡厅;咖啡厅,洲海路999号森兰国际B栋一层101-乙单元,"121.597575,31.317552",上海市,上海市,浦东新区
luckincoffee瑞幸咖啡(万嘉商业广场店),餐饮服务;咖啡厅;咖啡厅,东靖路1881号万嘉商业广场底商,"121.610008,31.293202",上海市,上海市,浦东新区
瑞幸咖啡(外高桥店),餐饮服务;餐饮相关场所;餐饮相关,外高桥保税区台中南路68号远洋财富中心3栋,"121.608002,31.314660",上海市,上海市,浦东新区
瑞幸咖啡(复旦科技园店),餐饮服务;咖啡厅;咖啡厅,加枫路8号外高桥复旦科技园创新中心一层105室,"121.605249,31.315025",上海市,上海市,浦东新区
瑞幸咖啡(星月大厦店),餐饮服务;餐饮相关场所;餐饮相关,淞宝路155弄星月国际商务广场2号楼一层103室,"121.501695,31.379731",上海市,上海市,宝山区
luckin coffee瑞幸咖啡(高帆大厦店),餐饮服务;咖啡厅;咖啡厅,外高桥保税区北马吉路2号高帆大厦一层,"121.587731,31.348071",上海市,上海市,浦东新区
瑞幸咖啡(晓富金融大厦店),餐饮服务;咖啡厅;咖啡厅,新兰路9号晓富金融大厦一层105室,"121.589272,31.351507",上海市,上海市,浦东新区
瑞幸咖啡(恒越荣欣店),餐饮服务;餐饮相关场所;餐饮相关,金钻路828弄恒越荣欣广场5号楼140室,"121.676322,31.280307",上海市,上海市,浦东新区
瑞幸咖啡(江南造船店),餐饮服务;咖啡厅;咖啡厅,江南大道988号江南造船厂江南研究院大楼B1层食堂内,"121.756471,31.352535",上海市,上海市,崇明区
luckincoffee瑞幸咖啡(新城吾悦广场店),餐饮服务;咖啡厅;咖啡厅,建设南路与世纪大道交叉口新城吾悦广场F1,"121.661230,31.788101",江苏省,南通市,启东市
瑞幸咖啡(同丰路店),餐饮服务;餐饮相关场所;餐饮相关,同丰路大上海紫金城南侧约30米,"121.467275,31.273074",上海市,上海市,虹口区
瑞幸咖啡(宝华国际广场店),餐饮服务;餐饮相关场所;餐饮相关,万荣路555号宝华国际商务楼1层,"121.442819,31.279457",上海市,上海市,静安区
瑞幸咖啡(明珠创意园店),餐饮服务;餐饮相关场所;餐饮相关,广纪路615号火车头广场绿车厢一层113号,"121.483439,31.292184",上海市,上海市,虹口区
瑞幸咖啡(锦荣国际大酒店店),餐饮服务;咖啡厅;咖啡厅,共和新路2750号锦荣商务中心一层底商,"121.451403,31.283979",上海市,上海市,静安区
瑞幸咖啡(大宁中心广场店),餐饮服务;咖啡厅;咖啡厅,万荣路700号大宁中心广场C2栋一层114号,"121.442245,31.282319",上海市,上海市,静安区
瑞幸咖啡(多媒体大厦店),餐饮服务;餐饮相关场所;餐饮相关,广中西路757号多媒体大厦服务中心大楼二层,"121.438631,31.278643",上海市,上海市,静安区
瑞幸咖啡(东方环球中心店),餐饮服务;餐饮相关场所;餐饮相关,永和路118弄43号东方环球中心一层102室,"121.446229,31.289254",上海市,上海市,静安区
瑞幸咖啡(钢铁交易大厦店),餐饮服务;咖啡厅;咖啡厅,逸仙路9号上海钢铁交易大厦一层105室,"121.490228,31.293798",上海市,上海市,杨浦区
瑞幸咖啡(上海静安大融城店),餐饮服务;餐饮相关场所;餐饮相关,沪太路1111弄大融城F2,"121.426609,31.280503",上海市,上海市,静安区
瑞幸咖啡(中图蓝桥店),餐饮服务;餐饮相关场所;餐饮相关,广纪路838号中图蓝桥创意园区1幢一层101室,"121.484082,31.294193",上海市,上海市,虹口区
瑞幸咖啡(图书馆大厦店),餐饮服务;咖啡厅;咖啡厅,水电路1376号凉城商办中心一层2室,"121.476097,31.295664",上海市,上海市,虹口区
瑞幸咖啡(宝隆一方大厦店),餐饮服务;餐饮相关场所;餐饮相关,逸仙路158号宝隆一方大厦一层105-2室,"121.488150,31.295738",上海市,上海市,虹口区
瑞幸咖啡(协信星光广场店),餐饮服务;咖啡厅;咖啡厅,江场路1228弄协信星光广场北里一层NL152,"121.458958,31.297900",上海市,上海市,静安区
瑞幸咖啡(市北云立方产业园店),餐饮服务;餐饮相关场所;餐饮相关,万荣路1268号市北云立方产业园A座102室,"121.440552,31.293872",上海市,上海市,静安区
瑞幸咖啡(美邦大楼店),餐饮服务;咖啡厅;咖啡厅,江场西路160号美邦大楼一层101-20室,"121.447105,31.298781",上海市,上海市,静安区
瑞幸咖啡(晋润海棠大厦店),餐饮服务;咖啡厅;咖啡厅,江场西路307号晋润海棠大厦一层,"121.442169,31.297383",上海市,上海市,静安区
瑞幸咖啡(山海大厦店),餐饮服务;餐饮相关场所;餐饮相关,沪太路1717号山海大厦一层大堂,"121.421383,31.286175",上海市,上海市,宝山区
瑞幸咖啡(吉买盛江湾店),餐饮服务;咖啡厅;咖啡厅,逸仙路580号吉买盛商场一层(江湾镇地铁站5号口旁),"121.484653,31.304803",上海市,上海市,虹口区
瑞幸咖啡(共和国际商务广场店),餐饮服务;咖啡厅;咖啡厅,共和新路3699号共和国际商务广场A栋南门一层大堂,"121.450276,31.304304",上海市,上海市,静安区
瑞幸咖啡(乐坊大华店),餐饮服务;咖啡厅;咖啡厅,真北路4288号一层L120号,"121.408467,31.291171",上海市,上海市,宝山区
瑞幸咖啡(昇park店),餐饮服务;餐饮相关场所;餐饮相关,真大路520号昇park创意园3号楼底商,"121.408269,31.296291",上海市,上海市,宝山区
瑞幸咖啡(美丽华百新创意园店),餐饮服务;餐饮相关场所;餐饮相关,殷高路23弄20号美丽华百新创意园A座一层101室,"121.490412,31.321169",上海市,上海市,宝山区
瑞幸咖啡(长江国际生活广场店),餐饮服务;咖啡厅;咖啡厅,殷高西路333长江国际生活广场F1,"121.469716,31.320065",上海市,上海市,宝山区
瑞幸咖啡(宝山沪尚茗居店),餐饮服务;咖啡厅;咖啡厅,江杨南路880号沪尚茗居整体家装体验馆B1栋底商,"121.467381,31.322120",上海市,上海市,宝山区
瑞幸咖啡(万达广场店),餐饮服务;咖啡厅;咖啡厅,一二八纪念路与共和新路辅路交叉口东100米,"121.446235,31.323880",上海市,上海市,宝山区
瑞幸咖啡(骏利财富大厦店),餐饮服务;餐饮相关场所;餐饮相关,共和新路5199号一幢骏利财富大厦一层G区,"121.445343,31.325515",上海市,上海市,宝山区
瑞幸咖啡(中鑫企业广场店),餐饮服务;咖啡厅;咖啡厅,武威路88弄19号中鑫企业广场一层103室,"121.377741,31.278333",上海市,上海市,普陀区
瑞幸咖啡(通河路店),餐饮服务;餐饮相关场所;餐饮相关,通河路红太阳商业广场,"121.445540,31.336957",上海市,上海市,宝山区
瑞幸咖啡(智慧湾店),餐饮服务;咖啡厅;咖啡厅,蕴川路6号智慧湾18号楼一层大堂,"121.432958,31.343858",上海市,上海市,宝山区
瑞幸咖啡(红石科技大楼店),餐饮服务;餐饮相关场所;餐饮相关,蕰川路512号4幢红石科技大楼一层K座,"121.433564,31.352171",上海市,上海市,宝山区
瑞幸咖啡(淞塘路店),餐饮服务;餐饮相关场所;餐饮相关,淞塘路同济创园(长江南路地铁站4号口步行210米),"121.490600,31.333603",上海市,上海市,宝山区
瑞幸咖啡(永谊大厦店),餐饮服务;咖啡厅;咖啡厅,呼兰西路100号永谊大厦8号楼1层,"121.433404,31.338837",上海市,上海市,宝山区
瑞幸咖啡(南翔太茂广场店),餐饮服务;咖啡厅;咖啡厅,丰翔路3168号南翔太茂广场一层,"121.325837,31.299370",上海市,上海市,嘉定区
瑞幸咖啡(松兰路店),餐饮服务;餐饮相关场所;餐饮相关,杨行镇水产路2069号1幢1层1-25,"121.449158,31.369092",上海市,上海市,宝山区
瑞幸咖啡(智慧七立方店),餐饮服务;咖啡厅;咖啡厅,同济支路157号智慧七立方1座一层113-4室,"121.491012,31.378509",上海市,上海市,宝山区
瑞幸咖啡(容基大厦店),餐饮服务;餐饮相关场所;餐饮相关,银翔路1037号容基大厦一层大堂,"121.316046,31.285154",上海市,上海市,嘉定区
瑞幸咖啡(宝山紫荆谷店),餐饮服务;餐饮相关场所;餐饮相关,经地路99弄3座一层103室,"121.399165,31.325311",上海市,上海市,宝山区
瑞幸咖啡(闿和阳光广场店),餐饮服务;餐饮相关场所;餐饮相关,宝杨路3003闿和阳光广场一层,"121.445764,31.377811",上海市,上海市,宝山区
瑞幸咖啡(宝山龙湖天街店),餐饮服务;咖啡厅;咖啡厅,丹霞山路50弄1号宝山龙湖天街A座一层30号,"121.363918,31.357366",上海市,上海市,宝山区
瑞幸咖啡(南翔大润发店),餐饮服务;咖啡厅;咖啡厅,南翔镇沪宜公路1000号一层,"121.305191,31.292070",上海市,上海市,嘉定区
瑞幸咖啡(五彩城店),餐饮服务;咖啡厅;咖啡厅,南翔镇宝翔路801号负一层中岛03-05号,"121.317144,31.311752",上海市,上海市,嘉定区
瑞幸咖啡(环球大厦店),餐饮服务;餐饮相关场所;餐饮相关,沪宜公路1168号环球大厦一层大堂,"121.303459,31.296368",上海市,上海市,嘉定区
瑞幸咖啡(亿博广场店),餐饮服务;餐饮相关场所;餐饮相关,蕴川路1999弄亿博大厦一层11号商铺,"121.429174,31.382551",上海市,上海市,宝山区
瑞幸咖啡(宝杨宝龙广场店),餐饮服务;咖啡厅;咖啡厅,双庆路与宝杨路交叉路口往南约220米宝杨宝龙广场F2,"121.481609,31.395835",上海市,上海市,宝山区
瑞幸咖啡(东鼎国际大厦店),餐饮服务;咖啡厅;咖啡厅,漠河路600号东鼎国际大厦地下广场一层,"121.469355,31.406492",上海市,上海市,宝山区
瑞幸咖啡(绿地中信泰富万达广场店),餐饮服务;餐饮相关场所;餐饮相关,嘉定工业区胜辛路嘉定新城万达广场负一楼绿地超市,"121.254681,31.330733",上海市,上海市,嘉定区
瑞幸咖啡(罗店宝龙广场店),餐饮服务;咖啡厅;咖啡厅,杨南路2211号罗店宝龙广场三层331室,"121.359157,31.388731",上海市,上海市,宝山区
瑞幸咖啡(大融城嘉定店),餐饮服务;餐饮相关场所;餐饮相关,宝安公路3386号大融城商业广场1号楼负一层107-2室,"121.278506,31.329887",上海市,上海市,嘉定区
瑞幸咖啡(太湖世家国际大厦店),餐饮服务;咖啡厅;咖啡厅,德富路1198号太湖世家国际大厦一层大堂,"121.258666,31.347645",上海市,上海市,嘉定区
瑞幸咖啡(科创大厦店),餐饮服务;咖啡厅;咖啡厅,嘉罗公路336号科创大厦一层大堂,"121.262530,31.379335",上海市,上海市,嘉定区
瑞幸咖啡(安亭财富广场店),餐饮服务;咖啡厅;咖啡厅,曹安公路5616号安亭财富广场一层109号,"121.161309,31.289829",上海市,上海市,嘉定区
瑞幸咖啡(百联嘉定购物中心店),餐饮服务;餐饮相关场所;餐饮相关,澄浏中路3128弄3号百联嘉定购物中心1层005A室,"121.278504,31.385410",上海市,上海市,嘉定区
luckin coffee瑞幸咖啡运通大厦店,餐饮服务;咖啡厅;咖啡厅,菊园新区胜辛路运通大厦一楼大厅,"121.225881,31.376907",上海市,上海市,嘉定区
瑞幸咖啡(三德商务广场店),餐饮服务;餐饮相关场所;餐饮相关,墨玉南路1080号三德商务广场一层102号,"121.164098,31.288168",上海市,上海市,嘉定区
Luckin coffee瑞幸咖啡(罗宾森广场店),餐饮服务;咖啡厅;咖啡厅,城中路138号罗宾森广场F1,"121.245000,31.384928",上海市,上海市,嘉定区
瑞幸咖啡(中信广场店),餐饮服务;咖啡厅;咖啡厅,商银路与徐公桥路交叉口西北60米,"121.125203,31.288798",江苏省,苏州市,昆山市
小鹿茶瑞幸咖啡(信业购物中心店),餐饮服务;咖啡厅;咖啡厅,环城路762弄信业购物中心F1,"121.247284,31.396087",上海市,上海市,嘉定区
瑞幸咖啡(昆山绿地杰座店),餐饮服务;餐饮相关场所;餐饮相关,花桥镇绿地大道217号绿地杰座8号楼一层大堂,"121.130149,31.284061",江苏省,苏州市,昆山市
瑞幸咖啡(昆山花桥建滔广场店),餐饮服务;咖啡厅;咖啡厅,花桥镇光明路505号花桥建滔广场B座一层大堂,"121.115688,31.294564",江苏省,苏州市,昆山市
瑞幸咖啡(太仓国贸大厦店),餐饮服务;咖啡厅;咖啡厅,娄东街道上海东路168号1幢107室,"121.134371,31.458622",江苏省,苏州市,太仓市
瑞幸咖啡(昆山中科创新广场店),餐饮服务;咖啡厅;咖啡厅,绿地大道中科创新广场1号楼,"121.069645,31.295706",江苏省,苏州市,昆山市
瑞幸咖啡(昆山国际信息城店),餐饮服务;咖啡厅;咖啡厅,花桥镇金捷路9号国际信息城一层A105室,"121.052902,31.294265",江苏省,苏州市,昆山市
瑞幸咖啡(太仓华旭大厦店),餐饮服务;餐饮相关场所;餐饮相关,人民南路95号华旭大厦一层,"121.108235,31.445302",江苏省,苏州市,太仓市
瑞幸咖啡(昆山世茂购物广场店),餐饮服务;餐饮相关场所;餐饮相关,昆山市开发区前进东路199号1期世茂广场D0L101-1HA号商铺,"121.055753,31.382860",江苏省,苏州市,昆山市
瑞幸咖啡(太仓南洋影城店),餐饮服务;咖啡厅;咖啡厅,人民南路96号南洋广场F1,"121.110867,31.443792",江苏省,苏州市,太仓市
瑞幸咖啡(八一路店),餐饮服务;咖啡厅;咖啡厅,八一路富民街小区西南侧约60米,"121.395816,31.619519",上海市,上海市,崇明区
luckincoffee瑞幸咖啡(百联万达广场店),餐饮服务;咖啡厅;咖啡厅,城桥镇崇明大道8388号万达广场负一楼,"121.417002,31.625782",上海市,上海市,崇明区
瑞幸咖啡(昆山弘基财富广场店),餐饮服务;咖啡厅;咖啡厅,前进路888号弘基财富广场1栋西侧2楼20号,"121.009753,31.384638",江苏省,苏州市,昆山市
瑞幸咖啡(昆山琨华国际广场店),餐饮服务;咖啡厅;咖啡厅,衡山路58号琨华国际商业广场3号楼一层大堂,"120.974912,31.355621",江苏省,苏州市,昆山市
瑞幸咖啡(昆山中茵世贸广场店),餐饮服务;咖啡厅;咖啡厅,玉山镇中山路138号中茵世贸广场写字楼1层大堂,"120.954293,31.382867",江苏省,苏州市,昆山市
瑞幸咖啡(昆山万达广场店),餐饮服务;餐饮相关场所;餐饮相关,周市镇青阳北路238号万达广场一层L1-16室,"120.992635,31.413149",江苏省,苏州市,昆山市
瑞幸咖啡(金鹰国际购物中心昆山店),餐饮服务;咖啡厅;咖啡厅,珠江中路199号金鹰国际购物中心二层大堂,"120.973261,31.376149",江苏省,苏州市,昆山市
瑞幸咖啡(昆山巴比伦国际广场店),餐饮服务;咖啡厅;咖啡厅,人民南路998号巴比伦国际广场14号楼底商,"120.953085,31.359372",江苏省,苏州市,昆山市
瑞幸咖啡(张浦银都广场店),餐饮服务;咖啡厅;咖啡厅,张浦镇银都商业广场1幢9号,"120.934239,31.280859",江苏省,苏州市,昆山市
瑞幸咖啡(昆山保利国际影城店),餐饮服务;咖啡厅;咖啡厅,玉山镇前进西路1850号保利国际影城一层,"120.905848,31.383337",江苏省,苏州市,昆山市
瑞幸咖啡(太仓港港城广场店),餐饮服务;咖啡厅;咖啡厅,港经济技术开发区北环路16号港城广场3号楼一层大堂,"121.206389,31.620697",江苏省,苏州市,太仓市
瑞幸咖啡(玉山海创大厦店),餐饮服务;咖啡厅;咖啡厅,玉山海创大厦c座109,"120.889830,31.399398",江苏省,苏州市,昆山市
瑞幸咖啡(鹿城路店),餐饮服务;咖啡厅;咖啡厅,鹿城路万象汇,"120.929216,31.381517",江苏省,苏州市,昆山市
瑞幸咖啡(梅李店),餐饮服务;咖啡厅;咖啡厅,通江路26号,"120.874757,31.708457",江苏省,苏州市,常熟市
瑞幸咖啡(南通江成研发园店),餐饮服务;咖啡厅;咖啡厅,江城路1088号江成研发园1号楼一层大堂,"120.994924,31.840510",江苏省,南通市,崇川区
瑞幸咖啡(万联购物中心店),餐饮服务;餐饮相关场所;餐饮相关,世纪大道1001号万联购物中心F1,"120.929828,30.818465",浙江省,嘉兴市,嘉善县
瑞幸咖啡(平湖移动当湖路店),餐饮服务;咖啡厅;咖啡厅,当湖东路与新华南路交叉口东南80米,"121.011605,30.686082",浙江省,嘉兴市,平湖市
瑞幸咖啡(西塘景区卧龙桥店),餐饮服务;咖啡厅;咖啡厅,北栅街与环镇北路交叉口东南220米,"120.895178,30.947831",浙江省,嘉兴市,嘉善县
瑞幸咖啡luckin coffee(平湖中心大润发店),餐饮服务;咖啡厅;咖啡厅,当湖街道县后底223号(大润发南门对面),"121.016183,30.701463",浙江省,嘉兴市,平湖市
瑞幸咖啡(恒隆嘉荟城店),餐饮服务;餐饮相关场所;餐饮相关,钟埭街道兴平一路恒隆嘉荟商业广场5号楼一层,"121.005314,30.707315",浙江省,嘉兴市,平湖市
瑞幸咖啡(平湖八佰伴店),餐饮服务;咖啡厅;咖啡厅,当湖街道三港路555号八佰伴商业中心4座一层,"121.044345,30.697213",浙江省,嘉兴市,平湖市
瑞幸咖啡(平湖吾悦广场店),餐饮服务;餐饮相关场所;餐饮相关,南市路811号平湖吾悦广场F1,"121.027666,30.678054",浙江省,嘉兴市,平湖市
瑞幸咖啡(金山华润店),餐饮服务;咖啡厅;咖啡厅,"朱泾镇沈浦泾路28号,50号1幢一楼S24乐购一层","121.174723,30.893493",上海市,上海市,金山区
瑞幸咖啡(奉贤宝龙城市广场店),餐饮服务;咖啡厅;咖啡厅,航南公路5699号奉贤宝龙城市广场负一层45号,"121.463449,30.930003",上海市,上海市,奉贤区
瑞幸咖啡(奉贤南中路文化广场店),餐饮服务;咖啡厅;咖啡厅,南桥镇南中路207号,"121.457055,30.912720",上海市,上海市,奉贤区
瑞幸咖啡(奉贤商学院店),餐饮服务;咖啡厅;咖啡厅,奉浦街道韩村路646号,"121.456592,30.939077",上海市,上海市,奉贤区
瑞幸咖啡(人民南路店),餐饮服务;咖啡厅;咖啡厅,南桥镇人民南路193号底商(一区),"121.461498,30.908249",上海市,上海市,奉贤区
瑞幸咖啡(金山百联购物中心店),餐饮服务;咖啡厅;咖啡厅,卫清西路188号金山百联购物中心广场一层,"121.347646,30.731332",上海市,上海市,金山区
瑞幸咖啡(青浦宝龙广场店),餐饮服务;咖啡厅;咖啡厅,崧雅路158弄25号(汇金路地铁站1号口步行70米),"121.154606,31.162012",上海市,上海市,青浦区
瑞幸咖啡(东方商厦店),餐饮服务;餐饮相关场所;餐饮相关,城中北路158号108室,"121.111930,31.149183",上海市,上海市,青浦区
瑞幸咖啡(时尚谷创意园店),餐饮服务;咖啡厅;咖啡厅,鼎源路618弄时尚谷创意园一层88号101室,"121.168448,31.031137",上海市,上海市,松江区
瑞幸咖啡(北大街店),餐饮服务;咖啡厅;咖啡厅,北大街上海朱家角古镇旅游区,"121.056545,31.111518",上海市,上海市,青浦区
瑞幸咖啡,餐饮服务;咖啡厅;咖啡厅,景唐北路553号,"121.010244,31.258218",江苏省,苏州市,昆山市
瑞幸咖啡(其荟壹號店),餐饮服务;咖啡厅;咖啡厅,青松路1号其荟壹號底商,"121.116755,31.148109",上海市,上海市,青浦区
luckin coffee甪直古镇店,餐饮服务;咖啡厅;咖啡厅,甪直镇晓市路19号100室,"120.869287,31.268359",江苏省,苏州市,吴中区
luckincoffee瑞幸咖啡(上海应用技术大学店)(暂停营业),餐饮服务;咖啡厅;咖啡厅,海湾旅游区海泉路100号教师公寓一层,"121.505607,30.840721",上海市,上海市,奉贤区
瑞幸咖啡,餐饮服务;咖啡厅;咖啡厅,学海路上海师范大学,"121.514083,30.837148",上海市,上海市,奉贤区
瑞幸咖啡(上师大奉贤校区店),餐饮服务;咖啡厅;咖啡厅,学生宿舍4号楼东北角,"121.516665,30.838261",上海市,上海市,奉贤区
瑞幸咖啡(临港宝龙城市广场店),餐饮服务;咖啡厅;咖啡厅,鸿音路3155弄128号临港宝龙广场F1,"121.815504,30.906300",上海市,上海市,浦东新区
瑞幸咖啡(建桥学院店),餐饮服务;餐饮相关场所;餐饮相关,临港新城镇方竹路1177号建桥学院北食堂三层,"121.891691,30.893651",上海市,上海市,浦东新区
瑞幸咖啡(上海电机学院店),餐饮服务;咖啡厅;咖啡厅,南汇新城镇橄榄路1350号上海电机学院图书馆三层,"121.885330,30.887060",上海市,上海市,浦东新区
瑞幸咖啡(上飞公司浦东店),餐饮服务;咖啡厅;咖啡厅,上飞路919号浦东基地A02工程技术大楼一层大堂,"121.854648,31.084027",上海市,上海市,浦东新区
瑞幸咖啡(漕河泾汉桥文化科技园店),餐饮服务;咖啡厅;咖啡厅,九亭镇研展路455号漕河泾汉桥文化科技园2幢一层大堂,"121.324439,31.100735",上海市,上海市,松江区
luckin coffee瑞幸咖啡(企德天地店),餐饮服务;咖啡厅;咖啡厅,方塔北路605号企德天地一层大堂,"121.247335,31.020995",上海市,上海市,松江区
瑞幸咖啡(鹿都国际广场店),餐饮服务;咖啡厅;咖啡厅,松汇中路568号鹿都商业广场A座底商,"121.234658,31.004635",上海市,上海市,松江区
瑞幸咖啡(开元地中海店),餐饮服务;咖啡厅;咖啡厅,新松江路927弄开元地中海商业广场二层(满记甜品对面),"121.218181,31.038268",上海市,上海市,松江区
瑞幸咖啡(友喜高科技园区店),餐饮服务;餐饮相关场所;餐饮相关,文翔东路58号友喜高科技园区6幢一层,"121.268911,31.038622",上海市,上海市,松江区
瑞幸咖啡(企福天地店),餐饮服务;咖啡厅;咖啡厅,松卫北路665号企福天地一层大堂,"121.261719,31.023350",上海市,上海市,松江区
瑞幸咖啡(松江万达店),餐饮服务;咖啡厅;咖啡厅,广富林路658号万达广场负一层,"121.244360,31.057138",上海市,上海市,松江区
瑞幸咖啡(嘉和商务中心店),餐饮服务;咖啡厅;咖啡厅,文诚路358弄6号嘉和商务中心店一层大堂,"121.218305,31.033328",上海市,上海市,松江区
瑞幸咖啡(上海松江区商业广场店),餐饮服务;咖啡厅;咖啡厅,谷阳北路1425弄75号铺一层,"121.233899,31.033900",上海市,上海市,松江区
瑞幸咖啡(东华大学文汇路店),餐饮服务;咖啡厅;咖啡厅,文汇路340号C号铺,"121.214021,31.049531",上海市,上海市,松江区
瑞幸咖啡(松江平高广场店),餐饮服务;咖啡厅;咖啡厅,九峰路118号平高广场一层101-K02号,"121.230780,31.016251",上海市,上海市,松江区
瑞幸咖啡(轻客众创空间店),餐饮服务;咖啡厅;咖啡厅,文汇路716号樱花广场轻客众创空间二层201室,"121.206107,31.049607",上海市,上海市,松江区
瑞幸咖啡(上海工程技术大学店),餐饮服务;咖啡厅;咖啡厅,文汇路800弄综合楼底层01室,"121.203151,31.050277",上海市,上海市,松江区
瑞幸咖啡(松江乐都新界店),餐饮服务;咖啡厅;咖啡厅,乐都西路953号一层,"121.204062,31.012841",上海市,上海市,松江区
瑞幸咖啡(上海外国语大学店),餐饮服务;咖啡厅;咖啡厅,文翔路上海外国语大学师生文化活动中心西侧,"121.237860,31.042770",上海市,上海市,松江区
瑞幸咖啡(华东政法大学店),餐饮服务;咖啡厅;咖啡厅,"广富林街道三新北路1800弄9号楼北面商铺1006,1008","121.188730,31.050650",上海市,上海市,松江区
瑞幸咖啡(上海飞航广场店),餐饮服务;餐饮相关场所;餐饮相关,玉树路2581号上海飞航广场一层58-1室,"121.208258,31.009233",上海市,上海市,松江区
瑞幸咖啡(龙湖上海华泾天街店),餐饮服务;餐饮相关场所;餐饮相关,华泾路459号龙湖上海华泾天街商场二层20号,"121.455723,31.119424",上海市,上海市,徐汇区
瑞幸咖啡(中环科技园店),餐饮服务;咖啡厅;咖啡厅,兴梅路485号中环科技园102室,"121.427748,31.109768",上海市,上海市,闵行区
瑞幸咖啡(万科VMO店),餐饮服务;咖啡厅;咖啡厅,浦锦路2049弄万科VMO38号楼底商,"121.485062,31.110743",上海市,上海市,闵行区
瑞幸咖啡(北建华清商业广场店),餐饮服务;咖啡厅;咖啡厅,梅陇镇莲花南路1388弄绚荟城1层,"121.411783,31.100614",上海市,上海市,闵行区
瑞幸咖啡(凯德龙之梦莘庄店),餐饮服务;餐饮相关场所;餐饮相关,沪闵路6088号莘庄凯德龙之梦负一层31号,"121.378681,31.108130",上海市,上海市,闵行区
瑞幸咖啡(如果创意园店),餐饮服务;餐饮相关场所;餐饮相关,春东路508号IF如果创意园E栋一层106号,"121.389117,31.086356",上海市,上海市,闵行区
瑞幸咖啡(龙盛国际广场店),餐饮服务;咖啡厅;咖啡厅,颛桥镇都市路3759号龙盛国际商业广场,"121.399171,31.085543",上海市,上海市,闵行区
瑞幸咖啡(上海光华路店),餐饮服务;咖啡厅;咖啡厅,光华路287号-2,"121.393658,31.070173",上海市,上海市,闵行区
瑞幸咖啡(万达广场颛桥店),餐饮服务;咖啡厅;咖啡厅,颛兴东路1570号万达广场F2,"121.406896,31.070935",上海市,上海市,闵行区
瑞幸咖啡(闵行龙湖天街店),餐饮服务;咖啡厅;咖啡厅,剑川路1000号龙湖上海闵行天街F2(剑川路地铁站2号口旁),"121.415509,31.026227",上海市,上海市,闵行区
瑞幸咖啡(上海交大闵行校区店),餐饮服务;咖啡厅;咖啡厅,东川路800上海交通大学闵行校区,"121.433379,31.026588",上海市,上海市,闵行区
瑞幸咖啡(碧江广场店),餐饮服务;餐饮相关场所;餐饮相关,鹤庆路900号碧江广场4号一层105室,"121.404890,31.006994",上海市,上海市,闵行区
瑞辛咖啡(凯德龙之梦店),餐饮服务;咖啡厅;咖啡厅,沪闵路6088号凯德龙之梦B1,"121.378431,31.107726",上海市,上海市,闵行区
瑞幸咖啡(吴泾宝龙广场店),餐饮服务;餐饮相关场所;餐饮相关,尚义路39弄3号宝龙广场一层澳门街内120-1号,"121.450950,31.038442",上海市,上海市,闵行区
瑞幸咖啡(上海奉贤西渡店),餐饮服务;咖啡厅;咖啡厅,南桥镇沪杭公路278号(西渡地铁站3号口步行100米),"121.432590,30.988318",上海市,上海市,奉贤区
瑞幸咖啡(东海职业技术学院店),餐饮服务;咖啡厅;咖啡厅,虹梅南路6001号东海职业技术学院教育超市二层,"121.456568,31.029563",上海市,上海市,闵行区
瑞幸咖啡(龙湖星悦荟店),餐饮服务;咖啡厅;咖啡厅,银春路2221弄龙湖星悦荟5号底商,"121.385705,31.024105",上海市,上海市,闵行区
瑞幸咖啡(华东师大闵行校区店),餐饮服务;咖啡厅;咖啡厅,剑川路399号华东师范大学冬月餐厅三层,"121.449189,31.034705",上海市,上海市,闵行区
瑞幸咖啡(江桥万达家乐福店),餐饮服务;餐饮相关场所;餐饮相关,金沙江西路1075弄17号家乐福一层,"121.323353,31.240318",上海市,上海市,嘉定区
瑞幸咖啡(西郊商务园店),餐饮服务;咖啡厅;咖啡厅,天创路96号西郊商务园C2区35号一层,"121.331319,31.236531",上海市,上海市,嘉定区
瑞幸咖啡(华泰中心店),餐饮服务;咖啡厅;咖啡厅,江桥镇金运路183号华泰中心一层,"121.320034,31.235592",上海市,上海市,嘉定区
瑞幸咖啡(中骏广场店),餐饮服务;咖啡厅;咖啡厅,迁虹路与申长路交汇处,"121.313114,31.211368",上海市,上海市,闵行区
瑞幸咖啡(虹桥协信中心店),餐饮服务;咖啡厅;咖啡厅,申虹路671号虹桥协信中心T2幢底商,"121.315943,31.201955",上海市,上海市,闵行区
瑞幸咖啡(虹桥万科中心店),餐饮服务;咖啡厅;咖啡厅,申长路988弄1号虹桥万科中心一层107室,"121.315098,31.197034",上海市,上海市,闵行区
瑞幸咖啡(金臣中心店),餐饮服务;咖啡厅;咖啡厅,甬虹路78弄2号金臣中心底商,"121.316250,31.189971",上海市,上海市,闵行区
luckincoffee瑞幸咖啡(虹桥天街店),餐饮服务;咖啡厅;咖啡厅,甬虹路188弄龙湖虹桥天街H栋一层127室,"121.313384,31.189983",上海市,上海市,闵行区
瑞幸咖啡(虹桥世界中心店),餐饮服务;餐饮相关场所;餐饮相关,诸光路1588弄357号虹桥世界中心一层1号,"121.303670,31.184063",上海市,上海市,青浦区
瑞幸咖啡(阿里中心店),餐饮服务;咖啡厅;咖啡厅,申长路1398弄1-4号阿里中心大厦T1幢底商,"121.313686,31.204889",上海市,上海市,闵行区
瑞幸咖啡(国家会展中心店),餐饮服务;咖啡厅;咖啡厅,涞港路181号国家会展中心B栋一层大堂,"121.302996,31.193678",上海市,上海市,青浦区
瑞幸咖啡(九亭金地广场店),餐饮服务;餐饮相关场所;餐饮相关,沪亭北路99弄九亭金地广场B1,"121.318988,31.140630",上海市,上海市,松江区
瑞幸咖啡(虹桥综合交通枢纽上海虹桥国际机场2号航站楼),餐饮服务;咖啡厅;咖啡厅,虹桥路2550号虹桥综合交通枢纽上海虹桥国际机场2号航站楼1F层,"121.327792,31.193477",上海市,上海市,闵行区
瑞幸咖啡(新地中心A栋店),餐饮服务;咖啡厅;咖啡厅,绍虹路218号虹桥新地中心底座,"121.310655,31.193245",上海市,上海市,闵行区
瑞幸咖啡(蒲汇路店),餐饮服务;餐饮相关场所;餐饮相关,蒲汇路178弄九亭U天地2号楼134,"121.325343,31.139245",上海市,上海市,松江区
瑞幸咖啡(e通世界南区店),餐饮服务;餐饮相关场所;餐饮相关,华徐公路685号e通世界南区C座一层102室,"121.265079,31.196836",上海市,上海市,青浦区
瑞幸咖啡(青浦光明荟店),餐饮服务;餐饮相关场所;餐饮相关,华新镇新府中路1399弄25号102室光明荟大堂,"121.230148,31.229009",上海市,上海市,青浦区
瑞幸咖啡(e通世界华新园店),餐饮服务;咖啡厅;咖啡厅,华隆路1777号e通世界商务园华新园M座服务中心一层大堂,"121.213873,31.218606",上海市,上海市,青浦区
瑞幸咖啡(德邦快递总部店),餐饮服务;咖啡厅;咖啡厅,徐祥路316号德邦物流D1栋一层112室,"121.261981,31.195293",上海市,上海市,青浦区
瑞幸咖啡(周浦苏宁易购PLAZA万达店),餐饮服务;餐饮相关场所;餐饮相关,周浦镇沪南路3459号万达广场一层ZF07号,"121.568300,31.114540",上海市,上海市,浦东新区
瑞幸咖啡(浦江科技广场2号楼店),餐饮服务;咖啡厅;咖啡厅,陈行路2388号2幢102室(浦江镇地铁站1号口步行80米),"121.507346,31.097098",上海市,上海市,闵行区
瑞幸咖啡(浦江博乐诗店),餐饮服务;餐饮相关场所;餐饮相关,联航路1670号博乐诗服务公寓,"121.514728,31.076334",上海市,上海市,闵行区
瑞幸咖啡(爱登堡产业园店),餐饮服务;咖啡厅;咖啡厅,浦江镇恒西路189号爱登堡产业园一层大堂,"121.511314,31.086712",上海市,上海市,闵行区
瑞幸咖啡(浦江城市生活广场店),餐饮服务;咖啡厅;咖啡厅,江月路1850弄浦江城市生活广场A座一层,"121.503542,31.083237",上海市,上海市,闵行区
瑞幸咖啡(奇亚特中心店),餐饮服务;咖啡厅;咖啡厅,江月路999号奇亚特中心1幢一层大堂,"121.522245,31.086238",上海市,上海市,闵行区
瑞幸咖啡(上海浦江智谷店),餐饮服务;餐饮相关场所;餐饮相关,联航路1188号1号楼一层大堂,"121.525705,31.079822",上海市,上海市,闵行区
瑞幸咖啡(天纳商汇产业园店),餐饮服务;咖啡厅;咖啡厅,周浦镇建韵路500号天纳商汇产业园3幢一层3110A室,"121.568550,31.096207",上海市,上海市,浦东新区
瑞幸咖啡(星月智汇湾店),餐饮服务;咖啡厅;咖啡厅,周浦镇沈梅路123弄1-3号星月智汇湾2号楼一层大堂,"121.575333,31.091399",上海市,上海市,浦东新区
瑞幸咖啡(绿地乐和城上海周浦店),餐饮服务;咖啡厅;咖啡厅,周浦镇周祝公路268弄绿地乐和城F1,"121.609439,31.102374",上海市,上海市,浦东新区
瑞幸咖啡,餐饮服务;咖啡厅;咖啡厅,恒南路与江月路交叉口北80米,"121.514000,31.084892",上海市,上海市,闵行区
瑞幸咖啡(万香创新港店),餐饮服务;咖啡厅;咖啡厅,航都路18号万香创新港2幢一层大堂,"121.612381,31.034914",上海市,上海市,浦东新区
瑞幸咖啡(金汇广场店),餐饮服务;餐饮相关场所;餐饮相关,金汇镇金闸公路599号金汇商业广场一层1110号,"121.502720,30.989833",上海市,上海市,奉贤区
瑞幸咖啡(浦江万达店),餐饮服务;咖啡厅;咖啡厅,浦江镇永跃路360号浦江万达6号门1层1009,"121.511351,31.026644",上海市,上海市,闵行区
瑞幸咖啡(华润万家南汇店),餐饮服务;餐饮相关场所;餐饮相关,惠南镇南门大街18号(近沪南公路)华润万家F1,"121.756448,31.041837",上海市,上海市,浦东新区
瑞幸咖啡(东门大街店),餐饮服务;餐饮相关场所;餐饮相关,东门大街上海市浦东新区光明中医医院西北侧约40米,"121.761494,31.046635",上海市,上海市,浦东新区
瑞幸咖啡(惠南科教园区生活区店),餐饮服务;咖啡厅;咖啡厅,惠南镇观海路1128号上海南汇科教园区生活区,"121.783812,31.047886",上海市,上海市,浦东新区
Luckin coffee瑞幸咖啡(上海思博职业技术学院店)(内部专用),餐饮服务;餐饮相关场所;餐饮相关,城南路1408号思博职业技术学院一层,"121.780647,31.037624",上海市,上海市,浦东新区
瑞幸咖啡(宝龙城市广场2期店),餐饮服务;咖啡厅;咖啡厅,金海路2449弄宝龙城市广场二期7号楼底商,"121.651217,31.265679",上海市,上海市,浦东新区
瑞幸咖啡(恒生万鹂广场店),餐饮服务;餐饮相关场所;餐饮相关,高科东路515弄恒生万鹂广场6B号1层122室,"121.653437,31.211866",上海市,上海市,浦东新区
瑞幸咖啡(阳光天地店),餐饮服务;咖啡厅;咖啡厅,齐爱路与银鼎路交叉口西南120米(唐镇地铁站1号口旁),"121.656231,31.214720",上海市,上海市,浦东新区
瑞幸咖啡(上海第二工业大学店),餐饮服务;咖啡厅;咖啡厅,金海路2360号教学区环东路临商五A号房,"121.651252,31.257373",上海市,上海市,浦东新区
瑞幸咖啡(卡园涛飞店),餐饮服务;咖啡厅;咖啡厅,上丰路999号,"121.661435,31.237623",上海市,上海市,浦东新区
瑞幸咖啡(王港恒生广场店),餐饮服务;咖啡厅;咖啡厅,上丰路1762弄2号,"121.678772,31.240876",上海市,上海市,浦东新区
瑞幸咖啡(翔川路店),餐饮服务;餐饮相关场所;餐饮相关,翔川路绿地东海岸国际广场(川沙地铁站3号口步行440米),"121.698532,31.183639",上海市,上海市,浦东新区
瑞幸咖啡(川沙现代广场店),餐饮服务;咖啡厅;咖啡厅,川沙路4825号川沙现代广场一层,"121.698020,31.194992",上海市,上海市,浦东新区
瑞幸咖啡(第二工业大学店),餐饮服务;餐饮相关场所;餐饮相关,环东路上海第二工业大学(金海路校区),"121.654155,31.261230",上海市,上海市,浦东新区
瑞幸咖啡(浦东机场保税区店),餐饮服务;咖啡厅;咖啡厅,祝桥镇闻居路1333号C区,"121.777497,31.133344",上海市,上海市,浦东新区
瑞幸咖啡(古北SOHO店),餐饮服务;咖啡厅;咖啡厅,虹桥路街道红宝石路188号3幢的古北SOHOB1-05室,"121.404358,31.197830",上海市,上海市,长宁区
瑞幸咖啡(云峰大厦店),餐饮服务;餐饮相关场所;餐饮相关,吴中路478号云峰大厦一层102室,"121.405662,31.185603",上海市,上海市,闵行区
瑞幸咖啡(钦州北路店),餐饮服务;咖啡厅;咖啡厅,钦州北路漕河泾软件大厦,"121.407155,31.178586",上海市,上海市,徐汇区
瑞幸咖啡(古北家乐福店),餐饮服务;咖啡厅;咖啡厅,水城南路262号古北家乐福一层,"121.393757,31.196717",上海市,上海市,长宁区
瑞幸咖啡(吴中大厦店),餐饮服务;餐饮相关场所;餐饮相关,吴中路618号吴中大厦一层101室,"121.398508,31.182693",上海市,上海市,闵行区
瑞幸咖啡(华鑫天地永辉超市店),餐饮服务;咖啡厅;咖啡厅,永辉生活,"121.407289,31.170287",上海市,上海市,徐汇区
瑞幸咖啡(漕河泾齐来科技园店),餐饮服务;餐饮相关场所;餐饮相关,宜山路889号8幢门卫室2室,"121.403098,31.170537",上海市,上海市,徐汇区
瑞幸咖啡(科技产业化大楼店),餐饮服务;咖啡厅;咖啡厅,宜山路900号科技产业化大楼C楼三层生活二次方内,"121.400472,31.171804",上海市,上海市,徐汇区
瑞幸咖啡(虹桥总部一号店),餐饮服务;咖啡厅;咖啡厅,紫秀路100号虹桥总部5号楼一层,"121.382358,31.180088",上海市,上海市,闵行区
瑞幸咖啡(宝燕商城虹中路店),餐饮服务;餐饮相关场所;餐饮相关,虹中路535号宝燕商城一层107号,"121.377965,31.187242",上海市,上海市,闵行区
瑞幸咖啡,餐饮服务;咖啡厅;咖啡厅,莲花路远中产业园-三期,"121.393274,31.171669",上海市,上海市,徐汇区
瑞幸咖啡(上海爱琴海店),餐饮服务;咖啡厅;咖啡厅,虹井路120弄5号爱琴海购物公园一层B104铺,"121.372181,31.174602",上海市,上海市,闵行区
瑞幸咖啡(漕河泾生活二次方店),餐饮服务;咖啡厅;咖啡厅,桂平路391号1号楼漕河泾生活二次方二层214铺位,"121.403229,31.164600",上海市,上海市,徐汇区
瑞幸咖啡(泓茂中心店),餐饮服务;咖啡厅;咖啡厅,万源路2138号泓茂中心一层103单元,"121.387947,31.168526",上海市,上海市,闵行区
瑞幸咖啡(燎申虹桥国际中心店),餐饮服务;餐饮相关场所;餐饮相关,虹井路288号燎申虹桥国际中心B座一层大堂,"121.371388,31.176629",上海市,上海市,闵行区
瑞幸咖啡(吴中路店),餐饮服务;咖啡厅;咖啡厅,吴中路1439号莱茵虹景中心一层大堂,"121.373370,31.171971",上海市,上海市,闵行区
瑞幸咖啡(腾骏德必易园店),餐饮服务;餐饮相关场所;餐饮相关,古美路1658号6B栋一层101室,"121.396195,31.167158",上海市,上海市,徐汇区
瑞幸咖啡(绿地中庚漫游城店),餐饮服务;咖啡厅;咖啡厅,闵虹路8号中庚绿地优鲜店负一层111室,"121.397861,31.131332",上海市,上海市,闵行区
瑞幸咖啡(科技绿洲广场店),餐饮服务;咖啡厅;咖啡厅,虹桥镇宜山路2008号科技绿洲三期生活二次方精选食社B1层美食广场,"121.385445,31.166138",上海市,上海市,闵行区
瑞幸咖啡(百联南方购物中心店),餐饮服务;餐饮相关场所;餐饮相关,沪闵路7388号百联南方购物中心F2,"121.400784,31.131690",上海市,上海市,闵行区
luckin?coffee(七宝宝龙店),餐饮服务;咖啡厅;咖啡厅,七宝宝龙广场T3号楼1层T3-45,"121.353847,31.159550",上海市,上海市,闵行区
瑞幸咖啡(田林路店),餐饮服务;咖啡厅;咖啡厅,田林路漕河泾现代服务园大厦东北侧约30米,"121.398738,31.165559",上海市,上海市,徐汇区
瑞幸咖啡(古美爵士文化广场店),餐饮服务;咖啡厅;咖啡厅,顾戴路1166号古美爵士文化广场,"121.386101,31.139264",上海市,上海市,闵行区
瑞幸咖啡(七宝华润万家店)(装修中),餐饮服务;咖啡厅;咖啡厅,漕宝路3459号B1层麦尚城商场西楼2层JT216-01,"121.349200,31.155625",上海市,上海市,闵行区
瑞幸咖啡(上海今日头条店),餐饮服务;餐饮相关场所;餐饮相关,宜山路1999号科技绿洲B区24号楼字节跳动科技15层,"121.387583,31.166751",上海市,上海市,闵行区
瑞幸咖啡(九星宝龙中心店),餐饮服务;咖啡厅;咖啡厅,新镇路1509弄1号九星集团大厦一层T8,"121.356637,31.158861",上海市,上海市,闵行区
瑞幸咖啡(万科虹桥云店),餐饮服务;咖啡厅;咖啡厅,新龙路1333弄25号万科七宝国际一期一栋一层,"121.337025,31.151649",上海市,上海市,闵行区
瑞幸咖啡(莲花国际广场店),餐饮服务;餐饮相关场所;餐饮相关,沪闵路7866号莲花国际广场负一层B1-24号,"121.402448,31.134062",上海市,上海市,闵行区
瑞幸咖啡(中展大厦店),餐饮服务;咖啡厅;咖啡厅,顾戴路2959号中展大厦一层大堂,"121.354549,31.127469",上海市,上海市,闵行区
瑞幸咖啡(凤凰大楼店),餐饮服务;咖啡厅;咖啡厅,漕田洲路漕河泾凤凰园二次方食堂二层,"121.397191,31.162352",上海市,上海市,徐汇区
瑞幸咖啡(宝虹中心店),餐饮服务;咖啡厅;咖啡厅,中春路7755号宝虹中心一层大堂,"121.341263,31.146153",上海市,上海市,闵行区
瑞幸咖啡(巴黎春天七宝店),餐饮服务;咖啡厅;咖啡厅,七宝镇七莘路3755号巴黎春天一楼,"121.341540,31.165608",上海市,上海市,闵行区
瑞幸咖啡(七宝华润万家店),餐饮服务;咖啡厅;咖啡厅,七莘路万泰公寓西侧约50米(七宝地铁站6号口步行390米),"121.346375,31.157880",上海市,上海市,闵行区
瑞幸咖啡(维璟广场店),餐饮服务;咖啡厅;咖啡厅,七莘路1507号维璟广场B1层G-super内,"121.363054,31.131301",上海市,上海市,闵行区
瑞幸咖啡(歌斐中心店),餐饮服务;咖啡厅;咖啡厅,蒙自路757号上海歌斐中心一层102A1单元,"121.482071,31.197774",上海市,上海市,黄浦区
瑞幸咖啡(建科大厦店),餐饮服务;咖啡厅;咖啡厅,宛平南路75号建科大厦一层101室,"121.445801,31.195542",上海市,上海市,徐汇区
瑞幸咖啡(电科滨江中心店),餐饮服务;餐饮相关场所;餐饮相关,龙华东路647号电科滨江中心一层10单元,"121.476064,31.194622",上海市,上海市,黄浦区
瑞幸咖啡(正大乐城店),餐饮服务;咖啡厅;咖啡厅,中山南二路699号正大乐城F1层6-101-2&102-1,"121.458582,31.186434",上海市,上海市,徐汇区
luckincoffee瑞幸咖啡(建汇大厦店),餐饮服务;咖啡厅;咖啡厅,衡山路与华山路交叉口西南60米,"121.438965,31.195353",上海市,上海市,徐汇区
瑞幸咖啡(百联徐汇商业广场店),餐饮服务;餐饮相关场所;餐饮相关,华山路2018号百联徐汇商业广场负一层魔都食代,"121.436823,31.197668",上海市,上海市,徐汇区
瑞幸咖啡(汇金百货肇嘉浜路店),餐饮服务;咖啡厅;咖啡厅,肇嘉浜路1000号汇金百货地下一层A2商铺,"121.440056,31.195318",上海市,上海市,徐汇区
瑞幸咖啡(绿地缤纷城店),餐饮服务;咖啡厅;咖啡厅,龙华中路759号绿地缤纷城负一层W-B122号,"121.456929,31.183855",上海市,上海市,徐汇区
瑞幸咖啡(上海鲁能国际中心店),餐饮服务;餐饮相关场所;餐饮相关,国耀路209号鲁能国际中心D座一层02单元,"121.486650,31.182040",上海市,上海市,浦东新区
瑞幸咖啡(中铝大厦店),餐饮服务;咖啡厅;咖啡厅,长清北路53号中铝大厦一层大堂,"121.484884,31.184218",上海市,上海市,浦东新区
瑞幸咖啡(嘉汇国际广场店),餐饮服务;餐饮相关场所;餐饮相关,天钥桥路327号嘉汇国际广场F栋嘉食汇一层,"121.443250,31.188753",上海市,上海市,徐汇区
瑞幸咖啡(光启文化广场店),餐饮服务;咖啡厅;咖啡厅,斜土路2899号2幢1层,"121.441090,31.185927",上海市,上海市,徐汇区
瑞幸咖啡(信建大厦店),餐饮服务;咖啡厅;咖啡厅,耀华路488号信建大厦一层大堂,"121.482614,31.172267",上海市,上海市,浦东新区
瑞幸咖啡(虹桥路店),餐饮服务;咖啡厅;咖啡厅,凯旋路1540号轨道交通三号线虹桥路站一层,"121.421062,31.197364",上海市,上海市,长宁区
瑞幸咖啡(数娱大厦店),餐饮服务;餐饮相关场所;餐饮相关,番禺路1028号数娱大厦一层103室,"121.427894,31.194555",上海市,上海市,徐汇区
瑞幸咖啡(环球都会广场店),餐饮服务;咖啡厅;咖啡厅,耀元路58号环球都会广场1号楼一层107室,"121.471453,31.169876",上海市,上海市,浦东新区
瑞幸咖啡(光启城家乐福店),餐饮服务;咖啡厅;咖啡厅,宜山路455号大华光启城负一层120-121号,"121.428512,31.183883",上海市,上海市,徐汇区
瑞幸咖啡(盛源恒华大厦店),餐饮服务;咖啡厅;咖啡厅,文定路200号2幢盛源恒华大厦一层A区大堂,"121.432052,31.186833",上海市,上海市,徐汇区
瑞幸咖啡(绿地汇中心店),餐饮服务;咖啡厅;咖啡厅,云锦路500号绿地汇中心B座一层1-11单元,"121.457241,31.164748",上海市,上海市,徐汇区
瑞幸咖啡(中山SOHO店),餐饮服务;咖啡厅;咖啡厅,中山西路1055号SOHO中山广场A座2层A204室,"121.415242,31.198276",上海市,上海市,长宁区
瑞幸咖啡(大众大厦店),餐饮服务;餐饮相关场所;餐饮相关,中山西路1515号大众大厦1幢一层102室,"121.423268,31.187358",上海市,上海市,徐汇区
瑞幸咖啡(海螺大厦店),餐饮服务;咖啡厅;咖啡厅,中山西路1281号海螺大厦底商,"121.420074,31.191391",上海市,上海市,长宁区
瑞幸咖啡(景鸿大楼店),餐饮服务;咖啡厅;咖啡厅,宜山路508号景鸿大楼一层大堂,"121.425629,31.181915",上海市,上海市,徐汇区
瑞幸咖啡(兆丰环球大厦店),餐饮服务;餐饮相关场所;餐饮相关,中山西路1800号兆丰环球大厦一层大堂,"121.424398,31.183519",上海市,上海市,徐汇区
瑞幸咖啡(汇阳广场店),餐饮服务;咖啡厅;咖啡厅,田林东路55号汇阳广场一层大堂,"121.433686,31.174029",上海市,上海市,徐汇区
瑞幸咖啡(宏润大厦店),餐饮服务;餐饮相关场所;餐饮相关,龙漕路200弄28号宏润大厦1幢一层102室,"121.442631,31.168981",上海市,上海市,徐汇区
瑞幸咖啡(漕宝路日月光店),餐饮服务;咖啡厅;咖啡厅,漕宝路33号日月光购物中心B座一层26-27室,"121.431653,31.168918",上海市,上海市,徐汇区
瑞幸咖啡(建工汇豪大厦店),餐饮服务;餐饮相关场所;餐饮相关,吴中路51号建工汇豪大厦一层大堂,"121.416346,31.187118",上海市,上海市,徐汇区
瑞幸咖啡(华鑫中心店),餐饮服务;咖啡厅;咖啡厅,宜山路717号华鑫中心一层1018、1022室,"121.413912,31.173093",上海市,上海市,徐汇区
瑞幸咖啡(田林坊店),餐饮服务;咖啡厅;咖啡厅,田林路130号田林坊81栋1层大堂,"121.414240,31.172048",上海市,上海市,徐汇区
luckin coffee瑞幸咖啡(徐汇家饰佳店),餐饮服务;咖啡厅;咖啡厅,古宜路与宜山路交叉口西160米,"121.426003,31.184278",上海市,上海市,徐汇区
瑞幸咖啡(中星城店),餐饮服务;咖啡厅;咖啡厅,柳州路77号中星城家乐福一层大堂,"121.428891,31.158662",上海市,上海市,徐汇区
瑞幸咖啡(天源大厦店),餐饮服务;咖啡厅;咖啡厅,内环高架路出口与吴中东路交叉口东南60米,"121.422039,31.188921",上海市,上海市,徐汇区
瑞幸咖啡(龙吴路店),餐饮服务;餐饮相关场所;餐饮相关,龙吴路华沁家园北侧约30米,"121.449903,31.138589",上海市,上海市,徐汇区
瑞幸咖啡(华东理工科技园店),餐饮服务;咖啡厅;咖啡厅,嘉川路245号3号楼上海纳米技术孵化基地一层大堂,"121.429488,31.138230",上海市,上海市,徐汇区
瑞幸咖啡(国民商务花园店),餐饮服务;餐饮相关场所;餐饮相关,虹梅高架路上海国民商务花园,"121.422255,31.125233",上海市,上海市,闵行区
luckin coffee瑞幸咖啡(长江新能源店),餐饮服务;咖啡厅;咖啡厅,九江路675-685号长江新能源大厦1层,"121.477374,31.233776",上海市,上海市,黄浦区
瑞幸咖啡(鸿祥大厦店),餐饮服务;咖啡厅;咖啡厅,黄河路21号鸿祥大厦一层102室,"121.470989,31.233617",上海市,上海市,黄浦区
瑞幸咖啡(仙乐斯广场店),餐饮服务;餐饮相关场所;餐饮相关,南京西路388号上海仙乐斯广场B1,"121.469102,31.231520",上海市,上海市,黄浦区
瑞幸咖啡(雅居乐国际广场店),餐饮服务;咖啡厅;咖啡厅,西藏中路525号雅居乐广场底商,"121.473613,31.236249",上海市,上海市,黄浦区
luckincoffee瑞幸咖啡(第一百货店),餐饮服务;餐饮相关场所;餐饮相关,南京东路830号第一百货商业中心F2,"121.474476,31.235582",上海市,上海市,黄浦区
瑞幸咖啡(远洋商业大厦店),餐饮服务;咖啡厅;咖啡厅,大世界地铁站1号口步行430米,"121.480952,31.230370",上海市,上海市,黄浦区
瑞幸咖啡(港泰广场店),餐饮服务;咖啡厅;咖啡厅,延安东路700号港泰广场瑞幸咖啡,"121.479069,31.229895",上海市,上海市,黄浦区
瑞幸咖啡(恒利国际大厦店),餐饮服务;咖啡厅;咖啡厅,成都北路189号恒利国际大厦,"121.466749,31.227126",上海市,上海市,静安区
瑞幸咖啡(霓虹儿童广场店),餐饮服务;餐饮相关场所;餐饮相关,普安路10号上海霓虹儿童广场普安店负一层南广号,"121.476093,31.226596",上海市,上海市,黄浦区
瑞幸咖啡(淮海中华大厦店),餐饮服务;咖啡厅;咖啡厅,人民路885号淮海中华大厦一层103室,"121.483623,31.225697",上海市,上海市,黄浦区
瑞幸咖啡(旺旺大厦店),餐饮服务;餐饮相关场所;餐饮相关,石门一路213号旺旺大厦大堂一层,"121.462066,31.227874",上海市,上海市,静安区
瑞幸咖啡(新世界大丸百货店),餐饮服务;咖啡厅;咖啡厅,名人基广场(南京东路地铁站5号口旁),"121.484162,31.238154",上海市,上海市,黄浦区
瑞幸咖啡(解放日报大厦店),餐饮服务;咖啡厅;咖啡厅,汉口路300号解放日报大厦底商,"121.484431,31.235909",上海市,上海市,黄浦区
瑞幸咖啡(宏伊国际广场南京东路店),餐饮服务;餐饮相关场所;餐饮相关,南京东路288号宏伊国际广场B1(南京东路地铁站3号口旁),"121.484620,31.237016",上海市,上海市,黄浦区
瑞幸咖啡(旺角广场店),餐饮服务;咖啡厅;咖啡厅,延安东路175号旺角广场一层103室,"121.484646,31.230847",上海市,上海市,黄浦区
瑞幸咖啡(新桥大厦店),餐饮服务;咖啡厅;咖啡厅,新桥路68号新桥大厦店一层102室,"121.466030,31.239984",上海市,上海市,黄浦区
瑞幸咖啡(复兴SOHO店),餐饮服务;咖啡厅;咖啡厅,马当路388号SOHO复兴广场E栋一层107号,"121.474799,31.214543",上海市,上海市,黄浦区
瑞幸咖啡(陕西大厦店),餐饮服务;餐饮相关场所;餐饮相关,延安中路658号陕西大厦一层大堂,"121.461679,31.224367",上海市,上海市,静安区
瑞幸咖啡(上海国际集团大厦店),餐饮服务;咖啡厅;咖啡厅,威海路511号上海国际集团大厦一层,"121.461608,31.226722",上海市,上海市,静安区
瑞幸咖啡(base城市社区苏河店),餐饮服务;咖啡厅;咖啡厅,新疆路518号base城市社区底商,"121.466966,31.242913",上海市,上海市,静安区
瑞幸咖啡(九海百盛店),餐饮服务;咖啡厅;咖啡厅,淮海中路918号九海百盛三层(陕西南路地铁站2号口旁),"121.459125,31.217583",上海市,上海市,黄浦区
瑞幸咖啡(科恩国际中心店),餐饮服务;咖啡厅;咖啡厅,陕西北路66号科恩国际中心一层大堂,"121.456825,31.224898",上海市,上海市,静安区
瑞幸咖啡(兴旺国际服饰城店),餐饮服务;咖啡厅;咖啡厅,江西北路与崇明路交叉口西南20米,"121.483230,31.244973",上海市,上海市,虹口区
瑞幸咖啡(雅克红房子店),餐饮服务;咖啡厅;咖啡厅,陕西南路35号雅克红房子底商,"121.457627,31.220837",上海市,上海市,黄浦区
瑞幸咖啡(泰府名邸店),餐饮服务;咖啡厅;咖啡厅,武定路268号泰府名邸底商,"121.455186,31.235181",上海市,上海市,静安区
瑞幸咖啡(长泰企业天地店),餐饮服务;咖啡厅;咖啡厅,海宁路899号长泰企业天地广场A座一层962单元,"121.477189,31.245862",上海市,上海市,静安区
瑞幸咖啡(嘉里不夜城企业中心店),餐饮服务;餐饮相关场所;餐饮相关,秣陵路228号,"121.454874,31.246958",上海市,上海市,静安区
瑞幸咖啡(上海大悦城店),餐饮服务;咖啡厅;咖啡厅,西藏北路164号静安大悦城北座地下一层B112室,"121.471954,31.244552",上海市,上海市,静安区
瑞幸咖啡(泰禾大厦店),餐饮服务;咖啡厅;咖啡厅,汉中路243号泰禾大厦一楼大堂,"121.456336,31.241909",上海市,上海市,静安区
瑞幸咖啡(上海中信广场店),餐饮服务;餐饮相关场所;餐饮相关,四川北路859号中信广场东区F1层3-01,"121.484312,31.248495",上海市,上海市,虹口区
瑞幸咖啡(中港汇静安店),餐饮服务;咖啡厅;咖啡厅,恒丰路329一层(汉中路地铁站1号口步行330米),"121.455919,31.243614",上海市,上海市,静安区
瑞幸咖啡(银发大厦店),餐饮服务;咖啡厅;咖啡厅,北京西路1068号银发大厦一层大堂,"121.454416,31.230578",上海市,上海市,静安区
瑞辛咖啡店,餐饮服务;咖啡厅;咖啡厅,陕西北路66号科恩国际大厦一楼,"121.456912,31.224857",上海市,上海市,静安区
瑞幸咖啡(永明大厦店),餐饮服务;咖啡厅;咖啡厅,西藏南路1109号永明大厦底商,"121.486707,31.210920",上海市,上海市,黄浦区
瑞幸咖啡(SOHO东海广场店),餐饮服务;餐饮相关场所;餐饮相关,铜仁路299号SOHO东海广场一层104-105室,"121.448647,31.226771",上海市,上海市,静安区
瑞幸咖啡(上海广发大厦店),餐饮服务;咖啡厅;咖啡厅,徐家汇路555号广发大厦一层大堂,"121.472443,31.207860",上海市,上海市,黄浦区
瑞幸咖啡(胶州大楼店),餐饮服务;咖啡厅;咖啡厅,胶州路58号胶州大楼一层(静安寺地铁站2号口步行300米),"121.445361,31.225231",上海市,上海市,静安区
瑞幸咖啡(海泰时代大厦店),餐饮服务;咖啡厅;咖啡厅,武进路289号海泰时代大厦一层107室第五空间内,"121.485289,31.251775",上海市,上海市,虹口区
瑞幸咖啡(太阳CITY店),餐饮服务;咖啡厅;咖啡厅,恒丰路299号京师律师广场1层,"121.456793,31.242931",上海市,上海市,静安区
瑞幸咖啡(壹丰广场店),餐饮服务;餐饮相关场所;餐饮相关,四川北路1363号壹丰广场一层B06室,"121.484036,31.252774",上海市,上海市,虹口区
瑞幸咖啡(虹口SOHO店),餐饮服务;餐饮相关场所;餐饮相关,乍浦路512号虹口SOHO底商,"121.485928,31.253018",上海市,上海市,虹口区
瑞幸咖啡(华祺大厦店),餐饮服务;咖啡厅;咖啡厅,武定路969号1层吧台3-4号,"121.443880,31.230249",上海市,上海市,静安区
瑞幸咖啡(荣德大厦店),餐饮服务;咖啡厅;咖啡厅,峨眉路315号荣德大厦一层102号,"121.490172,31.250641",上海市,上海市,虹口区
瑞幸咖啡(苏河1号店),餐饮服务;咖啡厅;咖啡厅,恒丰路638号苏河1号华森钻石商务广场1层,"121.451559,31.247515",上海市,上海市,静安区
瑞幸咖啡(办伴办公空间耀江店),餐饮服务;咖啡厅;咖啡厅,吴淞路268号耀江国际广场1号楼办伴空间一层,"121.489347,31.248991",上海市,上海市,虹口区
瑞幸咖啡(德安大厦商务中心店),餐饮服务;咖啡厅;咖啡厅,昌平路669号德安大厦底商(昌平路地铁站4号口步行170米),"121.443102,31.234525",上海市,上海市,静安区
瑞幸咖啡(瑞金商务中心店),餐饮服务;咖啡厅;咖啡厅,肇嘉浜路100号瑞金商务中心一层105B室,"121.465117,31.205158",上海市,上海市,黄浦区
瑞幸咖啡(平高国际广场店),餐饮服务;餐饮相关场所;餐饮相关,安远路108号平高国际广场一层06号,"121.446662,31.242057",上海市,上海市,普陀区
瑞幸咖啡(华美达和平酒店店),餐饮服务;咖啡厅;咖啡厅,斜土路688号宿适皇冠酒店1层,"121.472890,31.202326",上海市,上海市,黄浦区
瑞幸咖啡(上海创展大厦店),餐饮服务;咖啡厅;咖啡厅,安远路305号,"121.443263,31.239653",上海市,上海市,静安区
瑞幸咖啡(巴黎春天陕西路店),餐饮服务;咖啡厅;咖啡厅,巴黎春天底商(江宁路地铁站4号口步行350米),"121.442064,31.242392",上海市,上海市,普陀区
瑞幸咖啡(上海瞿溪路店),餐饮服务;咖啡厅;咖啡厅,瞿溪路309-1号(西藏南路地铁站5号口步行410米),"121.490986,31.204594",上海市,上海市,黄浦区
瑞幸咖啡(上海局门路店),餐饮服务;餐饮相关场所;餐饮相关,局门路415号,"121.482133,31.203553",上海市,上海市,黄浦区
瑞幸咖啡(高宝大厦店),餐饮服务;咖啡厅;咖啡厅,四川北路1666号高宝大厦一层大堂,"121.483696,31.257345",上海市,上海市,虹口区
瑞幸咖啡(玖时活力中心),餐饮服务;咖啡厅;咖啡厅,大木桥路18号地下二层(嘉善路地铁站4号口旁),"121.460431,31.201462",上海市,上海市,徐汇区
瑞幸咖啡(源达大厦店),餐饮服务;咖啡厅;咖啡厅,长寿路360号源达大厦一层大堂,"121.439043,31.242096",上海市,上海市,普陀区
瑞幸咖啡(金融街海伦中心店),餐饮服务;咖啡厅;咖啡厅,四平路96号金融海伦中心E楼底商(海伦路地铁站4号口旁),"121.489905,31.259148",上海市,上海市,虹口区
瑞幸咖啡(林顿大厦店),餐饮服务;咖啡厅;咖啡厅,恒丰北路100号林顿大厦一层102室,"121.451661,31.255211",上海市,上海市,静安区
瑞幸咖啡(永融企业中心店),餐饮服务;咖啡厅;咖啡厅,潥阳路1111号永融企业中心一层大堂,"121.488981,31.261327",上海市,上海市,虹口区
瑞幸咖啡(华敏世纪广场店),餐饮服务;餐饮相关场所;餐饮相关,延安西路624号华敏世纪广场底商,"121.435108,31.216244",上海市,上海市,长宁区
瑞幸咖啡(现代交通商务园店),餐饮服务;咖啡厅;咖啡厅,柳营路618号现代交通商务园北楼一层大堂,"121.460185,31.264828",上海市,上海市,静安区
瑞幸咖啡(绿地创客店),餐饮服务;咖啡厅;咖啡厅,东江湾路167号绿地创客底商,"121.479758,31.266896",上海市,上海市,虹口区
瑞幸咖啡(金赢108创意园店),餐饮服务;咖啡厅;咖啡厅,平型关路126号金赢108创意广场银座一层,"121.466782,31.267342",上海市,上海市,静安区
瑞幸咖啡(长寿路店),餐饮服务;咖啡厅;咖啡厅,长寿路恒达广场(长寿路地铁站出入口步行170米),"121.439245,31.240715",上海市,上海市,普陀区
瑞幸咖啡(西部大厦店),餐饮服务;餐饮相关场所;餐饮相关,长寿路767号西部大厦一层大堂,"121.432616,31.236665",上海市,上海市,普陀区
瑞幸咖啡(华东化工大厦店),餐饮服务;咖啡厅;咖啡厅,江苏路591号华东化工大厦一层,"121.432889,31.215052",上海市,上海市,长宁区
luckin coffee瑞幸(甜爱坊店),餐饮服务;咖啡厅;咖啡厅,甜爱支路24号-50号甜爱坊一层103甲室,"121.483587,31.268307",上海市,上海市,虹口区
瑞幸咖啡(名品商厦店),餐饮服务;咖啡厅;咖啡厅,秣陵路228号(上海火车站地铁站3号口旁),"121.458720,31.244885",上海市,上海市,静安区
Luckin coffee瑞幸咖啡(绿地静安柒彩里店),餐饮服务;餐饮相关场所;餐饮相关,万航渡路858号柒彩里中心F1,"121.429565,31.227747",上海市,上海市,静安区
瑞幸咖啡(KING88广场店),餐饮服务;咖啡厅;咖啡厅,长宁路88号King88广场负一层B1-09-01室,"121.427085,31.228810",上海市,上海市,长宁区
瑞幸咖啡(大众金融大厦店),餐饮服务;咖啡厅;咖啡厅,延安西路1088号1层101室,"121.430730,31.211602",上海市,上海市,长宁区
瑞幸咖啡(上海静安大融城店),餐饮服务;咖啡厅;咖啡厅,沪太路1111弄10号1号楼2层L209-2室,"121.474061,31.199668",上海市,上海市,黄浦区
瑞幸咖啡(香溢花城店),餐饮服务;咖啡厅;咖啡厅,石泉东路148号香溢花城底商,"121.434904,31.255644",上海市,上海市,普陀区
瑞幸咖啡(法兰桥创意园店),餐饮服务;咖啡厅;咖啡厅,欧阳路196号法兰桥创意园10号楼一层大堂,"121.487958,31.266922",上海市,上海市,虹口区
瑞幸咖啡(花园坊产业园店),餐饮服务;餐饮相关场所;餐饮相关,中山北一路121号花园坊产业园A2栋一层1024室,"121.477577,31.269979",上海市,上海市,虹口区
瑞幸咖啡(玫瑰坊店),餐饮服务;咖啡厅;咖啡厅,长宁路890号玫瑰坊商场一层F10室,"121.418534,31.219285",上海市,上海市,长宁区
瑞幸咖啡(上海环球港店),餐饮服务;咖啡厅;咖啡厅,中山北路3300号上海环球港北门负一层273号,"121.413188,31.235068",上海市,上海市,普陀区
瑞幸咖啡(平武路店),餐饮服务;咖啡厅;咖啡厅,平武路中国人民解放军海军第905医院,"121.432670,31.208653",上海市,上海市,长宁区
瑞幸咖啡(中瑞商务大厦店),餐饮服务;咖啡厅;咖啡厅,中山北路2438号中瑞商务大厦一层大堂,"121.424630,31.244152",上海市,上海市,普陀区
瑞幸咖啡(嘉利大厦店),餐饮服务;咖啡厅;咖啡厅,延安西路1228弄2号嘉利大厦一层,"121.427771,31.209825",上海市,上海市,长宁区
瑞幸咖啡(绿地和创大厦店),餐饮服务;咖啡厅;咖啡厅,曹杨路450号绿地和创大厦负一层创食季美食广场,"121.420146,31.236899",上海市,上海市,普陀区
瑞幸咖啡(盛泉大楼店),餐饮服务;咖啡厅;咖啡厅,谈家渡路28号盛泉大厦一层大堂,"121.422046,31.234248",上海市,上海市,普陀区
瑞幸咖啡(长宁来福士广场店),餐饮服务;咖啡厅;咖啡厅,长宁路1123号来福士广场东区五层14/15号,"121.415016,31.215877",上海市,上海市,长宁区
瑞幸咖啡(杰地大厦店),餐饮服务;咖啡厅;咖啡厅,凯旋北路606号杰地大厦一层底商,"121.418896,31.240439",上海市,上海市,普陀区
瑞幸咖啡(延安西路店),餐饮服务;咖啡厅;咖啡厅,轨道交通三号线延安西路站延安-3-110商铺(地铁一号出口),"121.417064,31.210159",上海市,上海市,长宁区
瑞幸咖啡(兆丰广场店),餐饮服务;餐饮相关场所;餐饮相关,长宁路999号兆丰广场负一层近中山公园站6号口,"121.418676,31.217977",上海市,上海市,长宁区
瑞幸咖啡(IMshanghai长宁国际店),餐饮服务;咖啡厅;咖啡厅,十钢一号路上海长宁国际发展广场(IM Shanghai长宁国际)东南侧约30米,"121.422298,31.198539",上海市,上海市,长宁区
瑞幸咖啡(浦发广场店),餐饮服务;咖啡厅;咖啡厅,中山北路1737号浦发广场1层A104-B室,"121.434130,31.251885",上海市,上海市,普陀区
瑞幸咖啡(电科大厦店),餐饮服务;餐饮相关场所;餐饮相关,武宁路509号电科大厦一层大堂,"121.413888,31.244673",上海市,上海市,普陀区
瑞幸咖啡(热浪荟健身清水湾店),餐饮服务;咖啡厅;咖啡厅,凯旋北路1495号热浪荟健身房一层大堂,"121.412518,31.229240",上海市,上海市,普陀区
瑞幸咖啡(万宝国际商务中心店),餐饮服务;咖啡厅;咖啡厅,新华路664号25号万宝国际商务中心一层大堂,"121.420333,31.205272",上海市,上海市,长宁区
瑞幸咖啡(定西路店),餐饮服务;咖啡厅;咖啡厅,定西路银统大厦,"121.422871,31.213454",上海市,上海市,长宁区
瑞幸咖啡(大华虎城店),餐饮服务;咖啡厅;咖啡厅,大华路352号大华虎城嘉年华一层105室,"121.414090,31.270116",上海市,上海市,宝山区
瑞幸咖啡(华闻国际大厦店),餐饮服务;餐饮相关场所;餐饮相关,中山西路999号华闻国际大厦一层大堂,"121.414300,31.199586",上海市,上海市,长宁区
瑞幸咖啡(龙之梦购物公园店),餐饮服务;咖啡厅;咖啡厅,长宁路1018号龙之梦购物中心B2层B2-K10A,"121.417163,31.218593",上海市,上海市,长宁区
瑞幸咖啡(天山SOHO店),餐饮服务;餐饮相关场所;餐饮相关,天山路1737号SOHO天山广场,"121.408485,31.209519",上海市,上海市,长宁区
瑞幸咖啡(春之声大厦店),餐饮服务;餐饮相关场所;餐饮相关,中山北路3323号春之声大厦1楼,"121.411307,31.234013",上海市,上海市,普陀区
瑞幸咖啡(百盛优客店),餐饮服务;咖啡厅;咖啡厅,天山路789号百盛优客城市广场五层E02室,"121.403669,31.210589",上海市,上海市,长宁区
瑞幸咖啡(仲盛金融中心店),餐饮服务;餐饮相关场所;餐饮相关,延安西路2067号仲盛金融中心大厦一层03号,"121.408326,31.204020",上海市,上海市,长宁区
瑞幸咖啡(金虹桥店),餐饮服务;咖啡厅;咖啡厅,茅台路179号金虹桥商场负一层LG1011,"121.403321,31.208112",上海市,上海市,长宁区
瑞幸咖啡(古北路店),餐饮服务;咖啡厅;咖啡厅,古北路申菱大厦北侧(娄山关路地铁站5号口步行280米),"121.400840,31.209505",上海市,上海市,长宁区
瑞幸咖啡(远东国际广场店),餐饮服务;咖啡厅;咖啡厅,仙霞路319号远东国际广场A栋一层101室,"121.400733,31.206366",上海市,上海市,长宁区
瑞幸咖啡(协泰中心店),餐饮服务;咖啡厅;咖啡厅,遵义南路88号协泰中心一层大堂,"121.406067,31.204312",上海市,上海市,长宁区
瑞幸咖啡(巴黎春天宝山店),餐饮服务;餐饮相关场所;餐饮相关,真华路888号巴黎春天百货B1,"121.412068,31.270402",上海市,上海市,宝山区
瑞幸咖啡(北巷小区店),餐饮服务;咖啡厅;咖啡厅,怒江北路北巷小区,"121.390077,31.236195",上海市,上海市,普陀区
luckincoffee瑞幸咖啡(东方出版中心店),餐饮服务;餐饮相关场所;餐饮相关,仙霞路345号东方出版中心一层大堂,"121.397991,31.206194",上海市,上海市,长宁区
瑞幸咖啡(国盛中心店),餐饮服务;餐饮相关场所;餐饮相关,中江路388弄国盛中心1号101A室,"121.393543,31.225323",上海市,上海市,普陀区
瑞幸咖啡(天地软件园店),餐饮服务;餐饮相关场所;餐饮相关,中江路879弄上海天地软件园23号一层,"121.389686,31.233465",上海市,上海市,普陀区
瑞幸咖啡(天山路店),餐饮服务;咖啡厅;咖啡厅,天山路600弄思创大厦4号楼,"121.395992,31.213273",上海市,上海市,长宁区
瑞幸咖啡(长风嘉庭国际店),餐饮服务;咖啡厅;咖啡厅,云岭东路391弄3号长风嘉庭国际一层大堂,"121.388054,31.222279",上海市,上海市,普陀区
瑞幸咖啡(鸿海大厦店),餐饮服务;餐饮相关场所;餐饮相关,真北路2167号鸿海大厦一层大堂,"121.391204,31.253633",上海市,上海市,普陀区
瑞幸咖啡(星空广场店),餐饮服务;咖啡厅;咖啡厅,虹桥路1665号星空广场一楼,"121.393014,31.200182",上海市,上海市,长宁区
瑞幸咖啡(新长征商务大厦店),餐饮服务;餐饮相关场所;餐饮相关,梅川路1247号4幢新长征商务大厦一层大堂,"121.384355,31.241017",上海市,上海市,普陀区
瑞幸咖啡(上海红星美凯龙店),餐饮服务;餐饮相关场所;餐饮相关,真北路1108号红星美凯龙南馆负一层,"121.385431,31.238070",上海市,上海市,普陀区
瑞幸咖啡(河畔花园店),餐饮服务;咖啡厅;咖啡厅,周家桥街道水城路883弄1号会所西入口,"121.391024,31.215772",上海市,上海市,长宁区
瑞幸咖啡(中环百联店),餐饮服务;咖啡厅;咖啡厅,真光路1288号中环百联购物中心一层B区,"121.384060,31.245858",上海市,上海市,普陀区
瑞幸咖啡(旭辉世纪广场店),餐饮服务;咖啡厅;咖啡厅,丹巴路与光复西路交叉口东北120米,"121.381166,31.221957",上海市,上海市,普陀区
瑞幸咖啡(赢华国际广场店),餐饮服务;餐饮相关场所;餐饮相关,光复西路2899弄赢华国际广场8号楼一层,"121.384181,31.221426",上海市,上海市,普陀区
瑞幸咖啡(绿洲中环中心店),餐饮服务;餐饮相关场所;餐饮相关,金沙江路1628弄楼绿洲中环中心5号楼金逸影城一层大堂,"121.379372,31.234472",上海市,上海市,普陀区
瑞幸咖啡(光华大厦店),餐饮服务;咖啡厅;咖啡厅,茅台路876号光华大厦一层A1室,"121.382921,31.210913",上海市,上海市,长宁区
瑞幸咖啡(118广场店),餐饮服务;餐饮相关场所;餐饮相关,金沙江路1685号118广场16幢一层BN1-7号,"121.378240,31.231692",上海市,上海市,普陀区
瑞幸咖啡(新长征中环大厦店),餐饮服务;餐饮相关场所;餐饮相关,真光路1219号新长征中环大厦一层大堂,"121.380640,31.243353",上海市,上海市,普陀区
瑞幸咖啡(苏宁天御国际广场店),餐饮服务;咖啡厅;咖啡厅,丹巴路99号苏宁天御国际广场A2座一层105号,"121.380310,31.222639",上海市,上海市,普陀区
瑞幸咖啡(真如铁三角科技园店),餐饮服务;咖啡厅;咖啡厅,真如镇绥德路2弄1号一层101A室,"121.383137,31.263735",上海市,上海市,普陀区
瑞幸咖啡(家乐福天山路店),餐饮服务;咖啡厅;咖啡厅,蒲淞北路18号家乐福超市负一层B103室,"121.375381,31.217102",上海市,上海市,长宁区
瑞幸咖啡(同普大厦店),餐饮服务;餐饮相关场所;餐饮相关,同普路1220号同普大厦一层大堂,"121.370307,31.232695",上海市,上海市,普陀区
瑞幸咖啡(缤谷大厦店),餐饮服务;咖啡厅;咖啡厅,威宁路与天山路交叉口南140米,"121.384909,31.213993",上海市,上海市,长宁区
瑞幸咖啡(凌空SOHO九号楼店),餐饮服务;咖啡厅;咖啡厅,金钟路968号凌空SOHO9号楼负一层C09、C10号,"121.353419,31.221227",上海市,上海市,长宁区
瑞幸咖啡(晨讯科技大楼店),餐饮服务;咖啡厅;咖啡厅,金钟路633号晨讯科技大楼B座一层大堂,"121.359824,31.220178",上海市,上海市,长宁区
瑞幸咖啡(建滔广场店),餐饮服务;咖啡厅;咖啡厅,通协路269号建滔广场4号楼一层135号,"121.355753,31.225061",上海市,上海市,长宁区
瑞幸咖啡(江桥老街店),餐饮服务;餐饮相关场所;餐饮相关,江桥镇虞姬墩路588号103室,"121.342199,31.256819",上海市,上海市,嘉定区
瑞幸咖啡(旭辉虹桥国际店),餐饮服务;咖啡厅;咖啡厅,通协路278号旭辉虹桥国际1号楼底商,"121.354716,31.227647",上海市,上海市,长宁区
瑞幸咖啡(中山国际广场店),餐饮服务;餐饮相关场所;餐饮相关,天山西路789号中山国际广场B栋一层大堂,"121.355225,31.217934",上海市,上海市,长宁区
luckincoffee瑞幸咖啡(临沂路百联社区店),餐饮服务;咖啡厅;咖啡厅,临沂路140号百联临沂购物中心(临沂路店)F1,"121.512175,31.194902",上海市,上海市,浦东新区
瑞幸咖啡(昌里路店),餐饮服务;咖啡厅;咖啡厅,昌里路上钢四村社区(长清路地铁站7号口步行350米),"121.492133,31.173632",上海市,上海市,浦东新区
瑞幸咖啡(最家空间·亿丰时代广场店),餐饮服务;咖啡厅;咖啡厅,三林镇云台路800号亿丰时代广场2层,"121.507269,31.163012",上海市,上海市,浦东新区
瑞幸咖啡(新世界百货成山店),餐饮服务;餐饮相关场所;餐饮相关,成山路1993号巴黎春天新世界百货B1,"121.535311,31.178907",上海市,上海市,浦东新区
瑞幸咖啡(森宏购物广场店),餐饮服务;餐饮相关场所;餐饮相关,长清路1200号森宏购物广场F1层大润发1056号,"121.491868,31.150190",上海市,上海市,浦东新区
瑞幸咖啡(中房金谊广场店),餐饮服务;咖啡厅;咖啡厅,上南路4467弄20号中房金谊广场一层116室,"121.512727,31.141263",上海市,上海市,浦东新区
瑞幸咖啡(三林印象城店),餐饮服务;餐饮相关场所;餐饮相关,永泰路1058弄1-26号新达汇·三林B1,"121.525643,31.142208",上海市,上海市,浦东新区
瑞幸咖啡(红星美凯龙沪南商场店),餐饮服务;餐饮相关场所;餐饮相关,沪南路2178号红星美凯龙负一层,"121.560091,31.159004",上海市,上海市,浦东新区
luckincoffee瑞幸咖啡(汇宝中心店),餐饮服务;餐饮相关场所;餐饮相关,沪南路2633弄汇宝中心一层大堂,"121.567615,31.147681",上海市,上海市,浦东新区
瑞幸咖啡(御河硅谷店),餐饮服务;咖啡厅;咖啡厅,五星路706弄天安万科御河硅谷二期1号楼一层107A室,"121.574523,31.176338",上海市,上海市,浦东新区
瑞幸咖啡(金创大厦店),餐饮服务;咖啡厅;咖啡厅,中科路702号的金创大厦1层102,"121.600836,31.178206",上海市,上海市,浦东新区
瑞幸咖啡(半岛科技园店),餐饮服务;咖啡厅;咖啡厅,达尔文路88号半岛科技园17号楼底商,"121.584934,31.192770",上海市,上海市,浦东新区
瑞幸咖啡(上海电影艺术学校店),餐饮服务;咖啡厅;咖啡厅,华佗路280弄31号海艺数字影城一层大厅,"121.591771,31.191029",上海市,上海市,浦东新区
瑞幸咖啡(张江药谷B区店),餐饮服务;咖啡厅;咖啡厅,哈雷路882号国家生物医药基地一层大堂,"121.603984,31.196389",上海市,上海市,浦东新区
瑞幸咖啡(如意智慧酒店店),餐饮服务;咖啡厅;咖啡厅,科苑路1500号如意智慧酒店一层大堂,"121.590827,31.185731",上海市,上海市,浦东新区
瑞幸咖啡(浦东盛大天地店),餐饮服务;咖啡厅;咖啡厅,张衡路666弄1号楼大堂,"121.596287,31.187543",上海市,上海市,浦东新区
瑞幸咖啡(荣科路万科翡翠公园店),餐饮服务;咖啡厅;咖啡厅,荣科路280号2049翡翠公园一层,"121.610853,31.179714",上海市,上海市,浦东新区
瑞幸咖啡(康桥万信酒店店),餐饮服务;咖啡厅;咖啡厅,秀沿路1668号万信酒店一层大堂,"121.593071,31.136160",上海市,上海市,浦东新区
瑞幸咖啡(漕河泾康桥商务绿洲店),餐饮服务;咖啡厅;咖啡厅,秀浦路2555号漕河泾康桥商务绿洲A区8幢一层大堂,"121.608161,31.130515",上海市,上海市,浦东新区
瑞幸咖啡(创研智造橙空间店),餐饮服务;咖啡厅;咖啡厅,秀浦路3188弄D11区59号创研智造橙空间一层大堂,"121.623199,31.129150",上海市,上海市,浦东新区
瑞幸咖啡(盛大天地源创谷店),餐饮服务;餐饮相关场所;餐饮相关,盛荣路88弄2号楼对面绿谷小食代内,"121.604778,31.172154",上海市,上海市,浦东新区
瑞幸咖啡(金桥购物中心店),餐饮服务;快餐厅;快餐厅,碧云路555号金桥购物中心一层,"121.580548,31.238597",上海市,上海市,浦东新区
Luckin coffee瑞幸咖啡(传奇广场店),餐饮服务;咖啡厅;咖啡厅,碧波路635号上海传奇商业广场F1,"121.585089,31.200214",上海市,上海市,浦东新区
瑞幸咖啡(福建天安大厦店),餐饮服务;餐饮相关场所;餐饮相关,金桥路1391号1层场地,"121.588857,31.252860",上海市,上海市,浦东新区
luckin coffee瑞幸咖啡(张江微电子港店),餐饮服务;咖啡厅;咖啡厅,碧波路上海芬华创新中心公司,"121.583370,31.198785",上海市,上海市,浦东新区
瑞幸咖啡(浦东软件园亮秀路店),餐饮服务;餐饮相关场所;餐饮相关,亮秀路112号浦东软件园Y2座一层102室,"121.603417,31.199145",上海市,上海市,浦东新区
瑞幸咖啡(金桥国际商业广场店),餐饮服务;咖啡厅;咖啡厅,张杨路3611号金桥国际商业广场F2,"121.580035,31.256203",上海市,上海市,浦东新区
瑞幸咖啡(LaLaport金桥店),餐饮服务;咖啡厅;咖啡厅,金科路与浙桥路交叉口东120米,"121.603813,31.252996",上海市,上海市,浦东新区
瑞幸咖啡(禹州蓝爵店),餐饮服务;餐饮相关场所;餐饮相关,金港路199弄禹洲蓝爵3号一层,"121.610327,31.256967",上海市,上海市,浦东新区
瑞幸咖啡(由度空间店),餐饮服务;咖啡厅;咖啡厅,宁桥路600号由度空间5幢底商,"121.615944,31.251880",上海市,上海市,浦东新区
瑞幸咖啡(麦腾智慧天地店),餐饮服务;餐饮相关场所;餐饮相关,锦绣东路1999号麦腾智慧天地3幢一层130室,"121.606540,31.239450",上海市,上海市,浦东新区
瑞幸咖啡(星创科技广场店),餐饮服务;餐饮相关场所;餐饮相关,申江路5005弄星创科技广场2号楼一层大堂,"121.626703,31.209473",上海市,上海市,浦东新区
瑞幸咖啡(日月光总部店),餐饮服务;咖啡厅;咖啡厅,盛夏路169号A栋一层118B室,"121.629887,31.212685",上海市,上海市,浦东新区
瑞幸咖啡(凯龙金领大厦店),餐饮服务;咖啡厅;咖啡厅,金桥经济技术开发区新金桥路1888号凯龙金领大厦40栋1层,"121.622956,31.260206",上海市,上海市,浦东新区
瑞幸咖啡(光大安石科技园店),餐饮服务;咖啡厅;咖啡厅,盛夏路500弄光大安石科技园4号楼一层101室,"121.628749,31.209216",上海市,上海市,浦东新区
瑞幸咖啡(张江集电港店),餐饮服务;咖啡厅;咖啡厅,龙东大道3000号张江集电港1号楼一层104室,"121.633770,31.222602",上海市,上海市,浦东新区
luckincoffee瑞幸咖啡(金领之都店),餐饮服务;餐饮相关场所;餐饮相关,金桥经济技术开发区金海路1000号金领之都25号楼一层,"121.620472,31.262647",上海市,上海市,浦东新区
瑞幸咖啡(开文大厦店),餐饮服务;咖啡厅;咖啡厅,张江路368号30幢开文大厦一层,"121.610798,31.209286",上海市,上海市,浦东新区
luckincoffee瑞幸咖啡(上投盛银大厦店),餐饮服务;咖啡厅;咖啡厅,盛夏路666号盛银大厦5幢一层大堂,"121.628726,31.204973",上海市,上海市,浦东新区
瑞幸咖啡(申江路店),餐饮服务;咖啡厅;咖啡厅,申江路与桂桥路交叉口西南180米,"121.624032,31.244670",上海市,上海市,浦东新区
瑞幸咖啡(莘泽创业园店),餐饮服务;咖啡厅;咖啡厅,张江科技园区盛夏路608号2幢一层大堂,"121.628421,31.207892",上海市,上海市,浦东新区
瑞幸咖啡(锦绣申江创新园店),餐饮服务;咖啡厅;咖啡厅,锦绣东路2777号10号楼103室,"121.624542,31.244108",上海市,上海市,浦东新区
瑞幸咖啡(万创中心店),餐饮服务;餐饮相关场所;餐饮相关,冀桥路700号万创中心B栋一层,"121.628878,31.257511",上海市,上海市,浦东新区
瑞幸咖啡(中芯国际店),餐饮服务;咖啡厅;咖啡厅,哈雷路59号中芯国际SO8栋一层,"121.621992,31.219988",上海市,上海市,浦东新区
瑞幸咖啡(浦东软件园郭守敬路店),餐饮服务;咖啡厅;咖啡厅,郭守敬路498号上海浦东软件园1幢1112室,"121.598374,31.210163",上海市,上海市,浦东新区
瑞幸咖啡(外滩SOHO店),餐饮服务;咖啡厅;咖啡厅,中山东二路58号上海外滩SOHOB1层41室,"121.493617,31.229841",上海市,上海市,黄浦区
瑞幸咖啡(外滩十六铺店),餐饮服务;咖啡厅;咖啡厅,中山东二路531号外滩十六铺负一层,"121.498392,31.227627",上海市,上海市,黄浦区
瑞幸咖啡(上港国际客运中心店),餐饮服务;餐饮相关场所;餐饮相关,东大名路500号上海港客运中心负一层B1区邮食荟美食广场,"121.498167,31.247048",上海市,上海市,虹口区
瑞幸咖啡(创邑老码头店),餐饮服务;餐饮相关场所;餐饮相关,中山南路505号老码头5号楼底商,"121.505798,31.219931",上海市,上海市,黄浦区
瑞幸咖啡(上海金茂大厦店),餐饮服务;咖啡厅;咖啡厅,世纪大道88号金茂大厦裙楼3层3C-06号,"121.505076,31.235795",上海市,上海市,浦东新区
瑞幸咖啡(华能联合大厦店),餐饮服务;咖啡厅;咖啡厅,陆家嘴环路958号华能联合大厦大堂,"121.508059,31.239206",上海市,上海市,浦东新区
瑞幸咖啡(上海湾店),餐饮服务;咖啡厅;咖啡厅,浦东南路1138号上海湾1层134室商场室号116,"121.513673,31.226626",上海市,上海市,浦东新区
瑞幸咖啡(国家开发银行店),餐饮服务;咖啡厅;咖啡厅,"浦东南路500号国家开发银行一层X,Y单元","121.510467,31.237064",上海市,上海市,浦东新区
瑞幸咖啡(二十一世纪大厦店),餐饮服务;餐饮相关场所;餐饮相关,世纪大道210号二十一世纪大厦一层102室,"121.509474,31.234302",上海市,上海市,浦东新区
瑞幸咖啡(绿地尚悦湾店),餐饮服务;咖啡厅;咖啡厅,银城路66号尚悦湾负一层绿地超市内,"121.510415,31.241638",上海市,上海市,浦东新区
瑞幸咖啡(浦江双辉店),餐饮服务;咖啡厅;咖啡厅,银城路9号浦江双辉广场B1-101,"121.509062,31.242077",上海市,上海市,浦东新区
瑞幸咖啡(上海第一八佰伴店),餐饮服务;咖啡厅;咖啡厅,张杨路501号上海第一八佰伴2号门右侧一层1-046号,"121.516651,31.228006",上海市,上海市,浦东新区
瑞幸咖啡(浦江国际广场店),餐饮服务;餐饮相关场所;餐饮相关,东大名路1118号浦江国际金融大厦一层103室,"121.509730,31.251524",上海市,上海市,虹口区
瑞幸咖啡(华夏银行大厦店),餐饮服务;咖啡厅;咖啡厅,浦东南路256号华夏银行大厦一层大堂,"121.508804,31.239700",上海市,上海市,浦东新区
瑞幸咖啡(大世界城店),餐饮服务;咖啡厅;咖啡厅,四平路228号上海大世界城1层107-108,"121.491262,31.264281",上海市,上海市,虹口区
瑞幸咖啡(良友大厦店),餐饮服务;餐饮相关场所;餐饮相关,商城路618良友大厦B1美食城二期,"121.518172,31.230252",上海市,上海市,浦东新区
瑞幸咖啡(上海大同中学店),餐饮服务;咖啡厅;咖啡厅,南车站路364号,"121.492899,31.206088",上海市,上海市,黄浦区
瑞幸咖啡(星乐汇广场店),餐饮服务;咖啡厅;咖啡厅,公平路36号负一层9-1室(提篮桥地铁站3号口步行400米),"121.507610,31.250168",上海市,上海市,虹口区
瑞幸咖啡(建邦大厦店),餐饮服务;咖啡厅;咖啡厅,虹关路368号上海艾格瑞服务式公寓一层102-1室,"121.495854,31.266589",上海市,上海市,虹口区
瑞幸咖啡(金穗大厦店),餐饮服务;咖啡厅;咖啡厅,浦东南路(浦东南路地铁站3B口步行270米),"121.510425,31.239204",上海市,上海市,浦东新区
瑞幸咖啡(裕景国际店),餐饮服务;咖啡厅;咖啡厅,昌邑路538弄3号裕景国际商务广场底商,"121.520185,31.241506",上海市,上海市,浦东新区
瑞幸咖啡(上海天安数码城店),餐饮服务;咖啡厅;咖啡厅,临潼路170号上海天安数码城一层113室,"121.513682,31.254388",上海市,上海市,虹口区
瑞幸咖啡(上海光大大厦店),餐饮服务;咖啡厅;咖啡厅,世纪大道1122号光大大厦一层沿街,"121.520597,31.231091",上海市,上海市,浦东新区
瑞幸咖啡(生命人寿大厦店),餐饮服务;咖啡厅;咖啡厅,张杨路707号生命人寿大厦一层大堂,"121.520220,31.229280",上海市,上海市,浦东新区
瑞幸咖啡(中锦滨江大厦店),餐饮服务;咖啡厅;咖啡厅,浦东南路1969号中锦滨江大厦一层,"121.518415,31.211276",上海市,上海市,浦东新区
瑞幸咖啡(滨江2250店),餐饮服务;餐饮相关场所;餐饮相关,浦东南路2250号滨江2250一层大堂,"121.513473,31.204849",上海市,上海市,浦东新区
瑞幸咖啡(裕安大厦店),餐饮服务;餐饮相关场所;餐饮相关,东方路738号裕安大厦一层大堂,"121.524668,31.228612",上海市,上海市,浦东新区
瑞幸咖啡(昇汇广场店),餐饮服务;咖啡厅;咖啡厅,大连路555号昇汇广场一层大堂,"121.511472,31.259302",上海市,上海市,虹口区
瑞幸咖啡(百联世纪购物中心店),餐饮服务;餐饮相关场所;餐饮相关,世纪大道1217号百联世纪购物中心五层G59-F05-1-009A,"121.527043,31.230130",上海市,上海市,浦东新区
瑞幸咖啡(创邑海上海店),餐饮服务;餐饮相关场所;餐饮相关,飞虹路568弄创邑海上海12号一层,"121.507933,31.265982",上海市,上海市,杨浦区
瑞幸咖啡(强生大厦店),餐饮服务;餐饮相关场所;餐饮相关,浦建路145号强生大厦二层咖啡吧,"121.522532,31.208837",上海市,上海市,浦东新区
瑞幸咖啡(左岸88创意园店),餐饮服务;餐饮相关场所;餐饮相关,北张家浜路88号左岸创意园C座一层大堂,"121.522325,31.216044",上海市,上海市,浦东新区
瑞幸咖啡(荣广商务中心店),餐饮服务;咖啡厅;咖啡厅,江浦路街道荆州路280号荣广商务中心d区瑞幸咖啡,"121.514034,31.259905",上海市,上海市,杨浦区
瑞幸咖啡(开伦大厦店),餐饮服务;咖啡厅;咖啡厅,峨山路91弄38-48号开伦鑫座大厦一层R区,"121.532894,31.216333",上海市,上海市,浦东新区
瑞幸咖啡(宝地广场城市集市店),餐饮服务;咖啡厅;咖啡厅,唐山路1018号宝地广场B1,"121.511621,31.261561",上海市,上海市,杨浦区
瑞幸咖啡(同盛大厦店),餐饮服务;餐饮相关场所;餐饮相关,福山路458号同盛大厦一层大堂,"121.531359,31.223121",上海市,上海市,浦东新区
Luckin coffee瑞幸咖啡(钱江大厦店),餐饮服务;咖啡厅;咖啡厅,东方路一百杉杉大厦邵记美食广场,"121.529952,31.222689",上海市,上海市,浦东新区
瑞幸咖啡(三九商务园店),餐饮服务;餐饮相关场所;餐饮相关,吉林路60号三九商务楼一层101-B室,"121.520327,31.261512",上海市,上海市,杨浦区
瑞幸咖啡(国际华城店),餐饮服务;咖啡厅;咖啡厅,张杨路1365号陆家嘴国际华城南门一层近源深体育中心站1号口,"121.535239,31.234032",上海市,上海市,浦东新区
瑞幸咖啡(富都广场店),餐饮服务;咖啡厅;咖啡厅,东方路1367号富都广场一层L1-11B单元,"121.529143,31.212328",上海市,上海市,浦东新区
瑞幸咖啡(全华信息大厦店),餐饮服务;餐饮相关场所;餐饮相关,福山路455号全华信息大厦一层大堂,"121.531891,31.224168",上海市,上海市,浦东新区
瑞幸咖啡(世纪金融广场店),餐饮服务;咖啡厅;咖啡厅,杨高南路759号世纪金融广场二层05号,"121.534794,31.212844",上海市,上海市,浦东新区
瑞幸咖啡(国际设计中心店),餐饮服务;咖啡厅;咖啡厅,长阳路1080号国际设计中心8号楼一层101室,"121.524781,31.263116",上海市,上海市,杨浦区
luckin coffee瑞幸咖啡(合生财富广场店),餐饮服务;咖啡厅;咖啡厅,大连路839号合生财富广场A座一层大堂,"121.507211,31.263255",上海市,上海市,虹口区
瑞幸咖啡(印坊928创意园店),餐饮服务;咖啡厅;咖啡厅,齐齐哈尔路920号印坊928创意园20幢北半幢一层102沿街,"121.524567,31.266943",上海市,上海市,杨浦区
瑞幸咖啡(四季广场店),餐饮服务;餐饮相关场所;餐饮相关,长阳路1568号四季广场5号楼一层102、103单元,"121.533220,31.267748",上海市,上海市,杨浦区
瑞幸咖啡(东方渔人码头店),餐饮服务;咖啡厅;咖啡厅,杨树浦路1088号东方渔人码头B区101-1室,"121.531908,31.251626",上海市,上海市,杨浦区
瑞幸咖啡(航运科研大厦店),餐饮服务;咖啡厅;咖啡厅,民生路628号航运科研大厦一层102室,"121.543062,31.237858",上海市,上海市,浦东新区
瑞幸咖啡(上海建工大厦店),餐饮服务;咖啡厅;咖啡厅,福山路33号建工大厦一层大堂,"121.526686,31.237480",上海市,上海市,浦东新区
瑞幸咖啡(绿地汇方广场店),餐饮服务;餐饮相关场所;餐饮相关,宁国路111号绿地汇方广场4号楼一层101室,"121.537670,31.262194",上海市,上海市,杨浦区
瑞幸咖啡(东辰大厦店),餐饮服务;餐饮相关场所;餐饮相关,牡丹路60号东辰大厦一层102号,"121.544743,31.205463",上海市,上海市,浦东新区
Luckin coffee瑞幸咖啡(置汇旭辉广场店),餐饮服务;咖啡厅;咖啡厅,张杨路2389弄1-2号置汇旭辉广场购物中心负一层10室,"121.555160,31.242690",上海市,上海市,浦东新区
瑞幸咖啡(证大立方大厦店),餐饮服务;咖啡厅;咖啡厅,长柳路58号证大立方大厦一层大堂,"121.551135,31.224039",上海市,上海市,浦东新区
瑞幸咖啡(信息大厦店),餐饮服务;咖啡厅;咖啡厅,民生路1403号上海信息大厦一层101B室,"121.551358,31.224047",上海市,上海市,浦东新区
瑞幸咖啡(南洋泾路店),餐饮服务;咖啡厅;咖啡厅,南洋泾路界龙总部园(芳甸路地铁站3号口步行150米),"121.556647,31.232006",上海市,上海市,浦东新区
瑞幸咖啡(建工大唐店),餐饮服务;咖啡厅;咖啡厅,樱花路868号建工大唐国际广场一层大堂,"121.562277,31.207115",上海市,上海市,浦东新区
瑞幸咖啡(写意创意中心店),餐饮服务;咖啡厅;咖啡厅,四平路1147弄1号楼写意创意中心一层大堂,"121.503882,31.278056",上海市,上海市,杨浦区
瑞幸咖啡(凤城巷店),餐饮服务;咖啡厅;咖啡厅,凤城路5号凤城巷园区内8号楼一层117室,"121.525251,31.274003",上海市,上海市,杨浦区
瑞幸咖啡(同济联合广场店),餐饮服务;咖啡厅;咖啡厅,四平路1388号同济联合广场F1,"121.507177,31.281474",上海市,上海市,杨浦区
瑞幸咖啡(联创设计谷店),餐饮服务;咖啡厅;咖啡厅,控江路1500弄联创设计建筑主楼一层大堂,"121.520868,31.276428",上海市,上海市,杨浦区
瑞幸咖啡(怡富广场店),餐饮服务;咖啡厅;咖啡厅,黄兴路1737号九隆坊生活广场一层140室,"121.519514,31.290710",上海市,上海市,杨浦区
瑞幸咖啡(杨浦复旦科技园店),餐饮服务;咖啡厅;咖啡厅,国泰路11号复旦科技园大厦主楼一层大堂,"121.507794,31.288006",上海市,上海市,杨浦区
瑞幸咖啡(绿色米兰广场店),餐饮服务;咖啡厅;咖啡厅,国权路39号绿色米兰财富国际广场金座一层大堂,"121.518636,31.287535",上海市,上海市,杨浦区
瑞幸咖啡(颐高数码广场店),餐饮服务;咖啡厅;咖啡厅,邯郸路365号颐高数码广场一层,"121.508436,31.297525",上海市,上海市,杨浦区
瑞幸咖啡(上海复旦软件园店),餐饮服务;咖啡厅;咖啡厅,"隆昌路608-4,复旦软件园2号楼一层,一点点奶茶隔壁","121.542808,31.276105",上海市,上海市,杨浦区
瑞幸咖啡(宝龙·旭辉广场店),餐饮服务;咖啡厅;咖啡厅,定海路街道杨浦区环创中心,"121.542312,31.278178",上海市,上海市,杨浦区
瑞幸咖啡(上海国际设计中心店),餐饮服务;餐饮相关场所;餐饮相关,国康路100号上海国际设计中心西楼一层102室,"121.501496,31.287017",上海市,上海市,杨浦区
瑞幸咖啡(复旦大学南苑餐厅店),餐饮服务;咖啡厅;咖啡厅,五角场街道政肃路复旦大学南苑餐厅一层,"121.506161,31.294317",上海市,上海市,杨浦区
瑞幸咖啡(文通国际广场店),餐饮服务;咖啡厅;咖啡厅,贵阳路398号文通国际广场北一层大堂,"121.550171,31.274730",上海市,上海市,杨浦区
Luckin coffee瑞幸咖啡(创智源店),餐饮服务;餐饮相关场所;餐饮相关,政民路20号靠近淞沪路(江湾体育场地铁站7号口旁),"121.512802,31.304061",上海市,上海市,杨浦区
瑞幸咖啡(五角场万达B座写字楼店),餐饮服务;咖啡厅;咖啡厅,淞沪路77号地下一层B1095,"121.513204,31.300625",上海市,上海市,杨浦区
瑞幸咖啡,餐饮服务;咖啡厅;咖啡厅,国定东路与创造路交叉口东北140米,"121.520902,31.297617",上海市,上海市,杨浦区
瑞幸咖啡(合生汇国际中心店),餐饮服务;咖啡厅;咖啡厅,合生汇国际中心写字楼一楼大堂,"121.516754,31.299226",上海市,上海市,杨浦区
瑞幸咖啡(同和国际大厦店),餐饮服务;餐饮相关场所;餐饮相关,国通路133号同和国际大厦4号楼,"121.507945,31.308945",上海市,上海市,杨浦区
瑞幸咖啡(133世界广场店),餐饮服务;餐饮相关场所;餐饮相关,世界路125号绿源天地A座一层,"121.525869,31.321149",上海市,上海市,杨浦区
瑞幸咖啡(国霞路店),餐饮服务;餐饮相关场所;餐饮相关,国霞路保辉国际大厦,"121.505773,31.315474",上海市,上海市,杨浦区
瑞幸咖啡(尚浦中心店),餐饮服务;咖啡厅;咖啡厅,江湾城路99号1层,"121.509811,31.316584",上海市,上海市,杨浦区
瑞幸咖啡(互联网创新园店),餐饮服务;咖啡厅;咖啡厅,逸仙路2816号华滋奔腾大厦,"121.494066,31.336956",上海市,上海市,宝山区
瑞幸咖啡(中设广场店),餐饮服务;咖啡厅;咖啡厅,殷高路1号中设广场1号楼一层大堂,"121.494439,31.321273",上海市,上海市,宝山区
瑞幸咖啡(湾谷科技园店),餐饮服务;餐饮相关场所;餐饮相关,国权北路1688号湾谷科技园B7栋一层大堂,"121.502479,31.341202",上海市,上海市,杨浦区
瑞幸咖啡(星球影棚店),餐饮服务;咖啡厅;咖啡厅,长江路258号C6号星球影棚1层102室,"121.495345,31.348752",上海市,上海市,宝山区
瑞幸咖啡(森兰商都店),餐饮服务;咖啡厅;咖啡厅,启帆路628号森兰商都商场一层1-114室,"121.591244,31.311950",上海市,上海市,浦东新区
瑞幸咖啡(森兰国际店),餐饮服务;咖啡厅;咖啡厅,洲海路999号森兰国际B栋一层101-乙单元,"121.597575,31.317552",上海市,上海市,浦东新区
luckincoffee瑞幸咖啡(万嘉商业广场店),餐饮服务;咖啡厅;咖啡厅,东靖路1881号万嘉商业广场底商,"121.610008,31.293202",上海市,上海市,浦东新区
瑞幸咖啡(外高桥店),餐饮服务;餐饮相关场所;餐饮相关,外高桥保税区台中南路68号远洋财富中心3栋,"121.608002,31.314660",上海市,上海市,浦东新区
瑞幸咖啡(复旦科技园店),餐饮服务;咖啡厅;咖啡厅,加枫路8号外高桥复旦科技园创新中心一层105室,"121.605249,31.315025",上海市,上海市,浦东新区
瑞幸咖啡(星月大厦店),餐饮服务;餐饮相关场所;餐饮相关,淞宝路155弄星月国际商务广场2号楼一层103室,"121.501695,31.379731",上海市,上海市,宝山区
luckin coffee瑞幸咖啡(高帆大厦店),餐饮服务;咖啡厅;咖啡厅,外高桥保税区北马吉路2号高帆大厦一层,"121.587731,31.348071",上海市,上海市,浦东新区
瑞幸咖啡(晓富金融大厦店),餐饮服务;咖啡厅;咖啡厅,新兰路9号晓富金融大厦一层105室,"121.589272,31.351507",上海市,上海市,浦东新区
瑞幸咖啡(恒越荣欣店),餐饮服务;餐饮相关场所;餐饮相关,金钻路828弄恒越荣欣广场5号楼140室,"121.676322,31.280307",上海市,上海市,浦东新区
瑞幸咖啡(江南造船店),餐饮服务;咖啡厅;咖啡厅,江南大道988号江南造船厂江南研究院大楼B1层食堂内,"121.756471,31.352535",上海市,上海市,崇明区
luckincoffee瑞幸咖啡(新城吾悦广场店),餐饮服务;咖啡厅;咖啡厅,建设南路与世纪大道交叉口新城吾悦广场F1,"121.661230,31.788101",江苏省,南通市,启东市
瑞幸咖啡(同丰路店),餐饮服务;餐饮相关场所;餐饮相关,同丰路与北宝兴路辅路交叉口东北120米,"121.467275,31.273074",上海市,上海市,虹口区
瑞幸咖啡(宝华国际广场店),餐饮服务;餐饮相关场所;餐饮相关,宝华国际广场广中西路555号宝华国际广场一层,"121.442776,31.279420",上海市,上海市,静安区
瑞幸咖啡(明珠创意园店),餐饮服务;餐饮相关场所;餐饮相关,广纪路615号火车头广场绿车厢一层113号,"121.483439,31.292184",上海市,上海市,虹口区
瑞幸咖啡(锦荣国际大酒店店),餐饮服务;咖啡厅;咖啡厅,共和新路2750号锦荣商务中心一层底商,"121.451403,31.283979",上海市,上海市,静安区
瑞幸咖啡(大宁中心广场店),餐饮服务;咖啡厅;咖啡厅,万荣路700号大宁中心广场C2栋一层114号,"121.442245,31.282319",上海市,上海市,静安区
瑞幸咖啡(市北高新园区店),餐饮服务;餐饮相关场所;餐饮相关,万荣路1228号拾月餐厅底商,"121.438631,31.278643",上海市,上海市,静安区
瑞幸咖啡(东方环球中心店),餐饮服务;餐饮相关场所;餐饮相关,永和路118弄43号东方环球中心一层102室,"121.446229,31.289254",上海市,上海市,静安区
瑞幸咖啡(钢铁交易大厦店),餐饮服务;咖啡厅;咖啡厅,逸仙路9号上海钢铁交易大厦一层105室,"121.490228,31.293798",上海市,上海市,杨浦区
瑞幸咖啡(上海静安大融城店),餐饮服务;餐饮相关场所;餐饮相关,沪太路1111弄大融城F2,"121.426609,31.280503",上海市,上海市,静安区
瑞幸咖啡(中图蓝桥店),餐饮服务;餐饮相关场所;餐饮相关,广纪路838号中图蓝桥创意园区1幢一层101室,"121.484082,31.294193",上海市,上海市,虹口区
瑞幸咖啡(图书馆大厦店),餐饮服务;咖啡厅;咖啡厅,水电路1376号凉城商办中心一层2室,"121.476097,31.295664",上海市,上海市,虹口区
瑞幸咖啡(宝隆一方大厦店),餐饮服务;餐饮相关场所;餐饮相关,逸仙路158号宝隆一方大厦一层105-2室,"121.488150,31.295738",上海市,上海市,虹口区
瑞幸咖啡(协信星光广场店),餐饮服务;咖啡厅;咖啡厅,江场路1228弄协信星光广场北里一层NL152,"121.458958,31.297900",上海市,上海市,静安区
瑞幸咖啡(市北云立方产业园店),餐饮服务;餐饮相关场所;餐饮相关,万荣路1268号市北云立方产业园A座102室,"121.440552,31.293872",上海市,上海市,静安区
瑞幸咖啡(美邦大楼店),餐饮服务;咖啡厅;咖啡厅,江场西路160号美邦大楼一层101-20室,"121.447041,31.298726",上海市,上海市,静安区
瑞幸咖啡(晋润海棠大厦店),餐饮服务;咖啡厅;咖啡厅,江场西路307号晋润海棠大厦一层,"121.442169,31.297383",上海市,上海市,静安区
瑞幸咖啡(山海大厦店),餐饮服务;餐饮相关场所;餐饮相关,沪太路1717号山海大厦一层大堂,"121.421383,31.286175",上海市,上海市,宝山区
瑞幸咖啡(吉买盛江湾店),餐饮服务;咖啡厅;咖啡厅,逸仙路580号吉买盛商场一层(江湾镇地铁站5号口旁),"121.484653,31.304803",上海市,上海市,虹口区
瑞幸咖啡(共和国际商务广场店),餐饮服务;咖啡厅;咖啡厅,共和新路3699号共和国际商务广场A栋南门一层大堂,"121.450276,31.304304",上海市,上海市,静安区
瑞幸咖啡(宝山日月光店),餐饮服务;咖啡厅;咖啡厅,沪太路1933号日月光中心宝山店B1(大场镇地铁站1号口旁),"121.417518,31.294192",上海市,上海市,宝山区
瑞幸咖啡(乐坊大华店),餐饮服务;咖啡厅;咖啡厅,真北路4288号一层L120号,"121.408467,31.291171",上海市,上海市,宝山区
瑞幸咖啡(昇park店),餐饮服务;餐饮相关场所;餐饮相关,真大路520号昇park创意园3号楼底商,"121.408269,31.296291",上海市,上海市,宝山区
瑞幸咖啡(美丽华百新创意园店),餐饮服务;餐饮相关场所;餐饮相关,殷高路23弄20号美丽华百新创意园A座一层101室,"121.490412,31.321169",上海市,上海市,宝山区
瑞幸咖啡(长江国际生活广场店),餐饮服务;咖啡厅;咖啡厅,殷高西路333长江国际生活广场F1,"121.469716,31.320065",上海市,上海市,宝山区
瑞幸咖啡(宝山沪尚茗居店),餐饮服务;咖啡厅;咖啡厅,江杨南路880号沪尚茗居整体家装体验馆B1栋底商,"121.467381,31.322120",上海市,上海市,宝山区
瑞幸咖啡(万达广场店),餐饮服务;咖啡厅;咖啡厅,一二八纪念路与共和新路辅路交叉口东100米,"121.446235,31.323880",上海市,上海市,宝山区
瑞幸咖啡(骏利财富大厦店),餐饮服务;餐饮相关场所;餐饮相关,共和新路5199号一幢骏利财富大厦一层G区,"121.445343,31.325515",上海市,上海市,宝山区
瑞幸咖啡(中鑫企业广场店),餐饮服务;咖啡厅;咖啡厅,武威路88弄19号中鑫企业广场一层103室,"121.377741,31.278333",上海市,上海市,普陀区
瑞幸咖啡(通河路店),餐饮服务;餐饮相关场所;餐饮相关,通河路红太阳商业广场,"121.445540,31.336957",上海市,上海市,宝山区
瑞幸咖啡(智慧湾店),餐饮服务;咖啡厅;咖啡厅,蕴川路6号智慧湾18号楼一层大堂,"121.432958,31.343858",上海市,上海市,宝山区
瑞幸咖啡(红石科技大楼店),餐饮服务;餐饮相关场所;餐饮相关,蕰川路512号4幢红石科技大楼一层K座,"121.433564,31.352171",上海市,上海市,宝山区
瑞幸咖啡(淞塘路店),餐饮服务;餐饮相关场所;餐饮相关,淞塘路同济创园(长江南路地铁站4号口步行210米),"121.490600,31.333603",上海市,上海市,宝山区
瑞幸咖啡(永谊大厦店),餐饮服务;咖啡厅;咖啡厅,呼兰西路100号永谊大厦8号楼1层,"121.433404,31.338837",上海市,上海市,宝山区
瑞幸咖啡(南翔太茂广场店),餐饮服务;咖啡厅;咖啡厅,丰翔路3168号南翔太茂广场一层,"121.325837,31.299370",上海市,上海市,嘉定区
瑞幸咖啡(松兰路店),餐饮服务;餐饮相关场所;餐饮相关,杨行镇水产路2069号1幢1层1-25,"121.449158,31.369092",上海市,上海市,宝山区
瑞幸咖啡(智慧七立方店),餐饮服务;咖啡厅;咖啡厅,同济支路157号智慧七立方1座一层113-4室,"121.491012,31.378509",上海市,上海市,宝山区
瑞幸咖啡(容基大厦店),餐饮服务;餐饮相关场所;餐饮相关,银翔路1037号容基大厦一层大堂,"121.316046,31.285154",上海市,上海市,嘉定区
瑞幸咖啡(宝山紫荆谷店),餐饮服务;餐饮相关场所;餐饮相关,经地路99弄3座一层103室,"121.399165,31.325311",上海市,上海市,宝山区
瑞幸咖啡(闿和阳光广场店),餐饮服务;餐饮相关场所;餐饮相关,宝杨路3003闿和阳光广场一层,"121.445764,31.377811",上海市,上海市,宝山区
瑞幸咖啡(宝山龙湖天街店),餐饮服务;咖啡厅;咖啡厅,丹霞山路50弄1号宝山龙湖天街A座一层30号,"121.363918,31.357366",上海市,上海市,宝山区
瑞幸咖啡(南翔大润发店),餐饮服务;咖啡厅;咖啡厅,南翔镇沪宜公路1000号一层,"121.305191,31.292070",上海市,上海市,嘉定区
瑞幸咖啡(五彩城店),餐饮服务;咖啡厅;咖啡厅,南翔镇宝翔路801号负一层中岛03-05号,"121.317144,31.311752",上海市,上海市,嘉定区
瑞幸咖啡(环球大厦店),餐饮服务;餐饮相关场所;餐饮相关,沪宜公路1168号环球大厦一层大堂,"121.303459,31.296368",上海市,上海市,嘉定区
瑞幸咖啡(亿博广场店),餐饮服务;餐饮相关场所;餐饮相关,蕴川路1999弄亿博大厦一层11号商铺,"121.429174,31.382551",上海市,上海市,宝山区
瑞幸咖啡(宝杨宝龙广场店),餐饮服务;咖啡厅;咖啡厅,双庆路与宝杨路交叉路口往南约220米宝杨宝龙广场F2,"121.481609,31.395835",上海市,上海市,宝山区
瑞幸咖啡(东鼎国际大厦店),餐饮服务;咖啡厅;咖啡厅,漠河路600号东鼎国际大厦地下广场一层,"121.469355,31.406492",上海市,上海市,宝山区
瑞幸咖啡(绿地中信泰富万达广场店),餐饮服务;餐饮相关场所;餐饮相关,嘉定工业区胜辛路嘉定新城万达广场负一楼绿地超市,"121.254681,31.330733",上海市,上海市,嘉定区
瑞幸咖啡(罗店宝龙广场店),餐饮服务;咖啡厅;咖啡厅,杨南路2211号罗店宝龙广场三层331室,"121.359157,31.388731",上海市,上海市,宝山区
瑞幸咖啡(大融城嘉定店),餐饮服务;餐饮相关场所;餐饮相关,宝安公路3386号大融城商业广场1号楼负一层107-2室,"121.278506,31.329887",上海市,上海市,嘉定区
瑞幸咖啡(太湖世家国际大厦店),餐饮服务;咖啡厅;咖啡厅,德富路1198号太湖世家国际大厦一层大堂,"121.258666,31.347645",上海市,上海市,嘉定区
瑞幸咖啡(科创大厦店),餐饮服务;咖啡厅;咖啡厅,嘉罗公路336号科创大厦一层大堂,"121.262530,31.379335",上海市,上海市,嘉定区
瑞幸咖啡(安亭财富广场店),餐饮服务;咖啡厅;咖啡厅,曹安公路5616号安亭财富广场一层109号,"121.161309,31.289829",上海市,上海市,嘉定区
瑞幸咖啡(百联嘉定购物中心店),餐饮服务;餐饮相关场所;餐饮相关,澄浏中路3128弄3号百联嘉定购物中心1层005A室,"121.278504,31.385410",上海市,上海市,嘉定区
luckin coffee瑞幸咖啡运通大厦店,餐饮服务;咖啡厅;咖啡厅,菊园新区胜辛路运通大厦一楼大厅,"121.225881,31.376907",上海市,上海市,嘉定区
瑞幸咖啡(三德商务广场店),餐饮服务;餐饮相关场所;餐饮相关,墨玉南路1080号三德商务广场一层102号,"121.164098,31.288168",上海市,上海市,嘉定区
Luckin coffee瑞幸咖啡(罗宾森广场店),餐饮服务;咖啡厅;咖啡厅,城中路138号罗宾森广场F1,"121.245000,31.384928",上海市,上海市,嘉定区
瑞幸咖啡(中信广场店),餐饮服务;咖啡厅;咖啡厅,商银路与徐公桥路交叉口西北60米,"121.125203,31.288798",江苏省,苏州市,昆山市
小鹿茶瑞幸咖啡(信业购物中心店),餐饮服务;咖啡厅;咖啡厅,环城路762弄信业购物中心F1,"121.247284,31.396087",上海市,上海市,嘉定区
瑞幸咖啡(昆山绿地杰座店),餐饮服务;餐饮相关场所;餐饮相关,花桥镇绿地大道217号绿地杰座8号楼一层大堂,"121.130149,31.284061",江苏省,苏州市,昆山市
瑞幸咖啡(昆山花桥建滔广场店),餐饮服务;咖啡厅;咖啡厅,花桥镇光明路505号花桥建滔广场B座一层大堂,"121.115688,31.294564",江苏省,苏州市,昆山市
瑞幸咖啡(太仓国贸大厦店),餐饮服务;咖啡厅;咖啡厅,娄东街道上海东路168号1幢107室,"121.134371,31.458622",江苏省,苏州市,太仓市
瑞幸咖啡(昆山中科创新广场店),餐饮服务;咖啡厅;咖啡厅,绿地大道中科创新广场1号楼,"121.069645,31.295706",江苏省,苏州市,昆山市
瑞幸咖啡(昆山国际信息城店),餐饮服务;咖啡厅;咖啡厅,花桥镇金捷路9号国际信息城一层A105室,"121.052902,31.294265",江苏省,苏州市,昆山市
瑞幸咖啡(太仓华旭大厦店),餐饮服务;餐饮相关场所;餐饮相关,人民南路95号华旭大厦一层,"121.108235,31.445302",江苏省,苏州市,太仓市
瑞幸咖啡(昆山世茂购物广场店),餐饮服务;餐饮相关场所;餐饮相关,昆山市开发区前进东路199号1期世茂广场D0L101-1HA号商铺,"121.055753,31.382860",江苏省,苏州市,昆山市
瑞幸咖啡(太仓南洋影城店),餐饮服务;咖啡厅;咖啡厅,人民南路96号南洋广场F1,"121.110867,31.443792",江苏省,苏州市,太仓市
瑞幸咖啡(八一路店),餐饮服务;咖啡厅;咖啡厅,八一路富民街小区西南侧约60米,"121.395816,31.619519",上海市,上海市,崇明区
luckincoffee瑞幸咖啡(百联万达广场店),餐饮服务;咖啡厅;咖啡厅,城桥镇崇明大道8388号万达广场负一楼,"121.417002,31.625782",上海市,上海市,崇明区
瑞幸咖啡(昆山弘基财富广场店),餐饮服务;咖啡厅;咖啡厅,前进路888号弘基财富广场1栋西侧2楼20号,"121.009753,31.384638",江苏省,苏州市,昆山市
瑞幸咖啡(昆山琨华国际广场店),餐饮服务;咖啡厅;咖啡厅,衡山路58号琨华国际商业广场3号楼一层大堂,"120.974912,31.355621",江苏省,苏州市,昆山市
瑞幸咖啡(昆山中茵世贸广场店),餐饮服务;咖啡厅;咖啡厅,玉山镇中山路138号中茵世贸广场写字楼1层大堂,"120.954293,31.382867",江苏省,苏州市,昆山市
瑞幸咖啡(昆山万达广场店),餐饮服务;餐饮相关场所;餐饮相关,周市镇青阳北路238号万达广场一层L1-16室,"120.992635,31.413149",江苏省,苏州市,昆山市
瑞幸咖啡(金鹰国际购物中心昆山店),餐饮服务;咖啡厅;咖啡厅,珠江中路199号金鹰国际购物中心二层大堂,"120.973261,31.376149",江苏省,苏州市,昆山市
瑞幸咖啡(昆山巴比伦国际广场店),餐饮服务;咖啡厅;咖啡厅,人民南路998号巴比伦国际广场14号楼底商,"120.953085,31.359372",江苏省,苏州市,昆山市
瑞幸咖啡(张浦银都广场店),餐饮服务;咖啡厅;咖啡厅,张浦镇银都商业广场1幢9号,"120.934239,31.280859",江苏省,苏州市,昆山市
瑞幸咖啡(昆山保利国际影城店),餐饮服务;咖啡厅;咖啡厅,玉山镇前进西路1850号保利国际影城一层,"120.905848,31.383337",江苏省,苏州市,昆山市
瑞幸咖啡(太仓港港城广场店),餐饮服务;咖啡厅;咖啡厅,港经济技术开发区北环路16号港城广场3号楼一层大堂,"121.206389,31.620697",江苏省,苏州市,太仓市
瑞幸咖啡(玉山海创大厦店),餐饮服务;咖啡厅;咖啡厅,玉山海创大厦c座109,"120.889830,31.399398",江苏省,苏州市,昆山市
瑞幸咖啡(鹿城路店),餐饮服务;咖啡厅;咖啡厅,鹿城路万象汇,"120.929216,31.381517",江苏省,苏州市,昆山市
瑞幸咖啡(梅李店),餐饮服务;咖啡厅;咖啡厅,通江路26号,"120.874757,31.708457",江苏省,苏州市,常熟市
瑞幸咖啡(南通江成研发园店),餐饮服务;咖啡厅;咖啡厅,江城路1088号江成研发园1号楼一层大堂,"120.994924,31.840510",江苏省,南通市,崇川区
瑞幸咖啡(万联购物中心店),餐饮服务;餐饮相关场所;餐饮相关,世纪大道1001号万联购物中心F1,"120.929828,30.818465",浙江省,嘉兴市,嘉善县
瑞幸咖啡(平湖移动当湖路店),餐饮服务;咖啡厅;咖啡厅,当湖东路与新华南路交叉口东南80米,"121.011605,30.686082",浙江省,嘉兴市,平湖市
瑞幸咖啡(西塘景区卧龙桥店),餐饮服务;咖啡厅;咖啡厅,北栅街与环镇北路交叉口东南220米,"120.895178,30.947831",浙江省,嘉兴市,嘉善县
瑞幸咖啡luckin coffee(平湖中心大润发店),餐饮服务;咖啡厅;咖啡厅,当湖街道县后底223号(大润发南门对面),"121.016183,30.701463",浙江省,嘉兴市,平湖市
瑞幸咖啡(恒隆嘉荟城店),餐饮服务;餐饮相关场所;餐饮相关,钟埭街道兴平一路恒隆嘉荟商业广场5号楼一层,"121.005314,30.707315",浙江省,嘉兴市,平湖市
瑞幸咖啡(平湖八佰伴店),餐饮服务;咖啡厅;咖啡厅,当湖街道三港路555号八佰伴商业中心4座一层,"121.044345,30.697213",浙江省,嘉兴市,平湖市
瑞幸咖啡(平湖吾悦广场店),餐饮服务;餐饮相关场所;餐饮相关,南市路811号平湖吾悦广场F1,"121.027666,30.678054",浙江省,嘉兴市,平湖市
瑞幸咖啡(金山华润店),餐饮服务;咖啡厅;咖啡厅,"朱泾镇沈浦泾路28号,50号1幢一楼S24乐购一层","121.174723,30.893493",上海市,上海市,金山区
瑞幸咖啡(奉贤宝龙城市广场店),餐饮服务;咖啡厅;咖啡厅,航南公路5699号奉贤宝龙城市广场负一层45号,"121.463449,30.930003",上海市,上海市,奉贤区
瑞幸咖啡(奉贤南中路文化广场店),餐饮服务;咖啡厅;咖啡厅,南桥镇南中路207号,"121.457055,30.912720",上海市,上海市,奉贤区
瑞幸咖啡(奉贤商学院店),餐饮服务;咖啡厅;咖啡厅,奉浦街道韩村路646号,"121.456592,30.939077",上海市,上海市,奉贤区
瑞幸咖啡(人民南路店),餐饮服务;咖啡厅;咖啡厅,南桥镇人民南路193号底商(一区),"121.461498,30.908249",上海市,上海市,奉贤区
瑞幸咖啡(金山百联购物中心店),餐饮服务;咖啡厅;咖啡厅,卫清西路188号金山百联购物中心广场一层,"121.347646,30.731332",上海市,上海市,金山区
瑞幸咖啡(青浦宝龙广场店),餐饮服务;咖啡厅;咖啡厅,崧雅路158弄25号(汇金路地铁站1号口步行70米),"121.154606,31.162012",上海市,上海市,青浦区
瑞幸咖啡(东方商厦店),餐饮服务;餐饮相关场所;餐饮相关,城中北路158号108室,"121.111930,31.149183",上海市,上海市,青浦区
瑞幸咖啡(时尚谷创意园店),餐饮服务;咖啡厅;咖啡厅,鼎源路618弄时尚谷创意园一层88号101室,"121.168448,31.031137",上海市,上海市,松江区
瑞幸咖啡(北大街店),餐饮服务;咖啡厅;咖啡厅,北大街上海朱家角古镇旅游区,"121.056545,31.111518",上海市,上海市,青浦区
瑞幸咖啡,餐饮服务;咖啡厅;咖啡厅,景唐北路553号,"121.010244,31.258218",江苏省,苏州市,昆山市
瑞幸咖啡(其荟壹號店),餐饮服务;咖啡厅;咖啡厅,青松路1号其荟壹號底商,"121.116755,31.148109",上海市,上海市,青浦区
luckincoffee瑞幸咖啡(上海应用技术大学店)(暂停营业),餐饮服务;咖啡厅;咖啡厅,海湾旅游区海泉路100号教师公寓一层,"121.505607,30.840721",上海市,上海市,奉贤区
瑞幸咖啡,餐饮服务;咖啡厅;咖啡厅,学海路上海师范大学,"121.514083,30.837148",上海市,上海市,奉贤区
瑞幸咖啡(上师大奉贤校区店),餐饮服务;咖啡厅;咖啡厅,学生宿舍4号楼东北角,"121.516665,30.838261",上海市,上海市,奉贤区
瑞幸咖啡(临港宝龙城市广场店),餐饮服务;咖啡厅;咖啡厅,鸿音路3155弄128号临港宝龙广场F1,"121.815504,30.906300",上海市,上海市,浦东新区
瑞幸咖啡(建桥学院店),餐饮服务;餐饮相关场所;餐饮相关,临港新城镇方竹路1177号建桥学院北食堂三层,"121.891691,30.893651",上海市,上海市,浦东新区
瑞幸咖啡(上海电机学院店),餐饮服务;咖啡厅;咖啡厅,南汇新城镇橄榄路1350号上海电机学院图书馆三层,"121.885330,30.887060",上海市,上海市,浦东新区
瑞幸咖啡(上飞公司浦东店),餐饮服务;咖啡厅;咖啡厅,上飞路919号浦东基地A02工程技术大楼一层大堂,"121.854648,31.084027",上海市,上海市,浦东新区
瑞幸咖啡(漕河泾汉桥文化科技园店),餐饮服务;咖啡厅;咖啡厅,九亭镇研展路455号漕河泾汉桥文化科技园2幢一层大堂,"121.324439,31.100735",上海市,上海市,松江区
luckin coffee瑞幸咖啡(企德天地店),餐饮服务;咖啡厅;咖啡厅,方塔北路605号企德天地一层大堂,"121.247335,31.020995",上海市,上海市,松江区
瑞幸咖啡(鹿都国际广场店),餐饮服务;咖啡厅;咖啡厅,松汇中路568号鹿都商业广场A座底商,"121.234658,31.004635",上海市,上海市,松江区
瑞幸咖啡(开元地中海店),餐饮服务;咖啡厅;咖啡厅,新松江路927弄开元地中海商业广场二层(满记甜品对面),"121.218181,31.038268",上海市,上海市,松江区
瑞幸咖啡(友喜高科技园区店),餐饮服务;餐饮相关场所;餐饮相关,文翔东路58号友喜高科技园区6幢一层,"121.268911,31.038622",上海市,上海市,松江区
瑞幸咖啡(企福天地店),餐饮服务;咖啡厅;咖啡厅,松卫北路665号企福天地一层大堂,"121.261719,31.023350",上海市,上海市,松江区
瑞幸咖啡(松江万达店),餐饮服务;咖啡厅;咖啡厅,广富林路658号万达广场负一层,"121.244360,31.057138",上海市,上海市,松江区
瑞幸咖啡(嘉和商务中心店),餐饮服务;咖啡厅;咖啡厅,文诚路358弄6号嘉和商务中心店一层大堂,"121.218305,31.033328",上海市,上海市,松江区
瑞幸咖啡(上海松江区商业广场店),餐饮服务;咖啡厅;咖啡厅,谷阳北路1425弄75号铺一层,"121.233899,31.033900",上海市,上海市,松江区
瑞幸咖啡(东华大学文汇路店),餐饮服务;咖啡厅;咖啡厅,文汇路340号C号铺,"121.214021,31.049531",上海市,上海市,松江区
瑞幸咖啡(松江平高广场店),餐饮服务;咖啡厅;咖啡厅,九峰路118号平高广场一层101-K02号,"121.230780,31.016251",上海市,上海市,松江区
瑞幸咖啡(轻客众创空间店),餐饮服务;咖啡厅;咖啡厅,文汇路716号樱花广场轻客众创空间二层201室,"121.206107,31.049607",上海市,上海市,松江区
瑞幸咖啡(上海工程技术大学店),餐饮服务;咖啡厅;咖啡厅,文汇路800弄综合楼底层01室,"121.203151,31.050277",上海市,上海市,松江区
瑞幸咖啡(松江乐都新界店),餐饮服务;咖啡厅;咖啡厅,乐都西路953号一层,"121.204062,31.012841",上海市,上海市,松江区
瑞幸咖啡(上海外国语大学店),餐饮服务;咖啡厅;咖啡厅,文翔路上海外国语大学师生文化活动中心西侧,"121.237860,31.042770",上海市,上海市,松江区
瑞幸咖啡(华东政法大学店),餐饮服务;咖啡厅;咖啡厅,"广富林街道三新北路1800弄9号楼北面商铺1006,1008","121.188730,31.050650",上海市,上海市,松江区
瑞幸咖啡(上海飞航广场店),餐饮服务;餐饮相关场所;餐饮相关,玉树路2581号上海飞航广场一层58-1室,"121.208258,31.009233",上海市,上海市,松江区
瑞幸咖啡(龙湖上海华泾天街店),餐饮服务;餐饮相关场所;餐饮相关,华泾路459号龙湖上海华泾天街商场二层20号,"121.455723,31.119424",上海市,上海市,徐汇区
瑞幸咖啡(中环科技园店),餐饮服务;咖啡厅;咖啡厅,兴梅路485号中环科技园102室,"121.427748,31.109768",上海市,上海市,闵行区
瑞幸咖啡(万科VMO店),餐饮服务;咖啡厅;咖啡厅,浦锦路2049弄万科VMO38号楼底商,"121.485062,31.110743",上海市,上海市,闵行区
瑞幸咖啡(北建华清商业广场店),餐饮服务;咖啡厅;咖啡厅,梅陇镇莲花南路1388弄绚荟城1层,"121.411783,31.100614",上海市,上海市,闵行区
瑞幸咖啡(凯德龙之梦莘庄店),餐饮服务;餐饮相关场所;餐饮相关,沪闵路6088号莘庄凯德龙之梦负一层31号,"121.378681,31.108130",上海市,上海市,闵行区
瑞幸咖啡(如果创意园店),餐饮服务;餐饮相关场所;餐饮相关,春东路508号IF如果创意园E栋一层106号,"121.389117,31.086356",上海市,上海市,闵行区
瑞幸咖啡(龙盛国际广场店),餐饮服务;咖啡厅;咖啡厅,颛桥镇都市路3759号龙盛国际商业广场,"121.399171,31.085543",上海市,上海市,闵行区
瑞幸咖啡(上海光华路店),餐饮服务;咖啡厅;咖啡厅,光华路287号-2,"121.393658,31.070173",上海市,上海市,闵行区
瑞幸咖啡(万达广场颛桥店),餐饮服务;咖啡厅;咖啡厅,颛兴东路1570号万达广场F2,"121.406896,31.070935",上海市,上海市,闵行区
瑞幸咖啡(闵行龙湖天街店),餐饮服务;咖啡厅;咖啡厅,剑川路1000号龙湖上海闵行天街F2(剑川路地铁站2号口旁),"121.415509,31.026227",上海市,上海市,闵行区
瑞幸咖啡(上海交大闵行校区店),餐饮服务;咖啡厅;咖啡厅,东川路800上海交通大学闵行校区,"121.433379,31.026588",上海市,上海市,闵行区
瑞幸咖啡(碧江广场店),餐饮服务;餐饮相关场所;餐饮相关,鹤庆路900号碧江广场4号一层105室,"121.404890,31.006994",上海市,上海市,闵行区
瑞辛咖啡(凯德龙之梦店),餐饮服务;咖啡厅;咖啡厅,沪闵路6088号凯德龙之梦B1,"121.378431,31.107726",上海市,上海市,闵行区
瑞幸咖啡(吴泾宝龙广场店),餐饮服务;餐饮相关场所;餐饮相关,尚义路39弄3号宝龙广场一层澳门街内120-1号,"121.450950,31.038442",上海市,上海市,闵行区
瑞幸咖啡(上海奉贤西渡店),餐饮服务;咖啡厅;咖啡厅,南桥镇沪杭公路278号(西渡地铁站3号口步行100米),"121.432590,30.988318",上海市,上海市,奉贤区
瑞幸咖啡(东海职业技术学院店),餐饮服务;咖啡厅;咖啡厅,虹梅南路6001号东海职业技术学院教育超市二层,"121.456568,31.029563",上海市,上海市,闵行区
瑞幸咖啡(龙湖星悦荟店),餐饮服务;咖啡厅;咖啡厅,银春路2221弄龙湖星悦荟5号底商,"121.385705,31.024105",上海市,上海市,闵行区
瑞幸咖啡(华东师大闵行校区店),餐饮服务;咖啡厅;咖啡厅,剑川路399号华东师范大学冬月餐厅三层,"121.449189,31.034705",上海市,上海市,闵行区
瑞幸咖啡(江桥万达家乐福店),餐饮服务;餐饮相关场所;餐饮相关,金沙江西路1075弄17号家乐福一层,"121.323353,31.240318",上海市,上海市,嘉定区
瑞幸咖啡(西郊商务园店),餐饮服务;咖啡厅;咖啡厅,天创路96号西郊商务园C2区35号一层,"121.331319,31.236531",上海市,上海市,嘉定区
瑞幸咖啡(华泰中心店),餐饮服务;咖啡厅;咖啡厅,江桥镇金运路183号华泰中心一层,"121.320034,31.235592",上海市,上海市,嘉定区
瑞幸咖啡(中骏广场店),餐饮服务;咖啡厅;咖啡厅,迁虹路与申长路交汇处,"121.313114,31.211368",上海市,上海市,闵行区
瑞幸咖啡(虹桥协信中心店),餐饮服务;咖啡厅;咖啡厅,申虹路671号虹桥协信中心T2幢底商,"121.315943,31.201955",上海市,上海市,闵行区
瑞幸咖啡(虹桥万科中心店),餐饮服务;咖啡厅;咖啡厅,申长路988弄1号虹桥万科中心一层107室,"121.315098,31.197034",上海市,上海市,闵行区
瑞幸咖啡(金臣中心店),餐饮服务;咖啡厅;咖啡厅,甬虹路78弄2号金臣中心底商,"121.316250,31.189971",上海市,上海市,闵行区
luckincoffee瑞幸咖啡(虹桥天街店),餐饮服务;咖啡厅;咖啡厅,甬虹路188弄龙湖虹桥天街H栋一层127室,"121.313384,31.189983",上海市,上海市,闵行区
瑞幸咖啡(虹桥世界中心店),餐饮服务;餐饮相关场所;餐饮相关,诸光路1588弄357号虹桥世界中心一层1号,"121.303670,31.184063",上海市,上海市,青浦区
瑞幸咖啡(阿里中心店),餐饮服务;咖啡厅;咖啡厅,申长路1398弄1-4号阿里中心大厦T1幢底商,"121.313686,31.204889",上海市,上海市,闵行区
瑞幸咖啡(国家会展中心店),餐饮服务;咖啡厅;咖啡厅,涞港路181号国家会展中心B栋一层大堂,"121.302996,31.193678",上海市,上海市,青浦区
瑞幸咖啡(九亭金地广场店),餐饮服务;餐饮相关场所;餐饮相关,沪亭北路99弄九亭金地广场B1,"121.318988,31.140630",上海市,上海市,松江区
瑞幸咖啡(虹桥综合交通枢纽上海虹桥国际机场2号航站楼),餐饮服务;咖啡厅;咖啡厅,虹桥路2550号虹桥综合交通枢纽上海虹桥国际机场2号航站楼1F层,"121.327792,31.193477",上海市,上海市,闵行区
瑞幸咖啡(新地中心A栋店),餐饮服务;咖啡厅;咖啡厅,绍虹路218号虹桥新地中心底座,"121.310655,31.193245",上海市,上海市,闵行区
瑞幸咖啡(蒲汇路店),餐饮服务;餐饮相关场所;餐饮相关,蒲汇路178弄九亭U天地2号楼134,"121.325343,31.139245",上海市,上海市,松江区
瑞幸咖啡(e通世界南区店),餐饮服务;餐饮相关场所;餐饮相关,华徐公路685号e通世界南区C座一层102室,"121.265079,31.196836",上海市,上海市,青浦区
瑞幸咖啡(青浦光明荟店),餐饮服务;餐饮相关场所;餐饮相关,华新镇新府中路1399弄25号102室光明荟大堂,"121.230148,31.229009",上海市,上海市,青浦区
瑞幸咖啡(e通世界华新园店),餐饮服务;咖啡厅;咖啡厅,华隆路1777号e通世界商务园华新园M座服务中心一层大堂,"121.213873,31.218606",上海市,上海市,青浦区
瑞幸咖啡(德邦快递总部店),餐饮服务;咖啡厅;咖啡厅,徐祥路316号德邦物流D1栋一层112室,"121.261981,31.195293",上海市,上海市,青浦区
瑞幸咖啡(周浦苏宁易购PLAZA万达店),餐饮服务;餐饮相关场所;餐饮相关,周浦镇沪南路3459号万达广场一层ZF07号,"121.568300,31.114540",上海市,上海市,浦东新区
瑞幸咖啡(浦江科技广场2号楼店),餐饮服务;咖啡厅;咖啡厅,陈行路2388号2幢102室(浦江镇地铁站1号口步行80米),"121.507346,31.097098",上海市,上海市,闵行区
瑞幸咖啡(浦江博乐诗店),餐饮服务;餐饮相关场所;餐饮相关,联航路1670号博乐诗服务公寓,"121.514728,31.076334",上海市,上海市,闵行区
瑞幸咖啡(爱登堡产业园店),餐饮服务;咖啡厅;咖啡厅,浦江镇恒西路189号爱登堡产业园一层大堂,"121.511314,31.086712",上海市,上海市,闵行区
瑞幸咖啡(浦江城市生活广场店),餐饮服务;咖啡厅;咖啡厅,江月路1850弄浦江城市生活广场A座一层,"121.503542,31.083237",上海市,上海市,闵行区
瑞幸咖啡(奇亚特中心店),餐饮服务;咖啡厅;咖啡厅,江月路999号奇亚特中心1幢一层大堂,"121.522245,31.086238",上海市,上海市,闵行区
瑞幸咖啡(上海浦江智谷店),餐饮服务;餐饮相关场所;餐饮相关,联航路1188号1号楼一层大堂,"121.525705,31.079822",上海市,上海市,闵行区
瑞幸咖啡(天纳商汇产业园店),餐饮服务;咖啡厅;咖啡厅,周浦镇建韵路500号天纳商汇产业园3幢一层3110A室,"121.568550,31.096207",上海市,上海市,浦东新区
瑞幸咖啡(星月智汇湾店),餐饮服务;咖啡厅;咖啡厅,周浦镇沈梅路123弄1-3号星月智汇湾2号楼一层大堂,"121.575333,31.091399",上海市,上海市,浦东新区
瑞幸咖啡(绿地乐和城上海周浦店),餐饮服务;咖啡厅;咖啡厅,周浦镇周祝公路268弄绿地乐和城F1,"121.609439,31.102374",上海市,上海市,浦东新区
瑞幸咖啡,餐饮服务;咖啡厅;咖啡厅,恒南路与江月路交叉口北80米,"121.514000,31.084892",上海市,上海市,闵行区
瑞幸咖啡(万香创新港店),餐饮服务;咖啡厅;咖啡厅,航都路18号万香创新港2幢一层大堂,"121.612381,31.034914",上海市,上海市,浦东新区
瑞幸咖啡(金汇广场店),餐饮服务;餐饮相关场所;餐饮相关,金汇镇金闸公路599号金汇商业广场一层1110号,"121.502720,30.989833",上海市,上海市,奉贤区
瑞幸咖啡(浦江万达店),餐饮服务;咖啡厅;咖啡厅,浦江镇永跃路360号浦江万达6号门1层1009,"121.511351,31.026644",上海市,上海市,闵行区
瑞幸咖啡(华润万家南汇店),餐饮服务;餐饮相关场所;餐饮相关,惠南镇南门大街18号(近沪南公路)华润万家F1,"121.756448,31.041837",上海市,上海市,浦东新区
瑞幸咖啡(东门大街店),餐饮服务;餐饮相关场所;餐饮相关,东门大街上海市浦东新区光明中医医院西北侧约40米,"121.761494,31.046635",上海市,上海市,浦东新区
瑞幸咖啡(惠南科教园区生活区店),餐饮服务;咖啡厅;咖啡厅,惠南镇观海路1128号上海南汇科教园区生活区,"121.783812,31.047886",上海市,上海市,浦东新区
Luckin coffee瑞幸咖啡(上海思博职业技术学院店)(内部专用),餐饮服务;餐饮相关场所;餐饮相关,城南路1408号思博职业技术学院一层,"121.780647,31.037624",上海市,上海市,浦东新区
瑞幸咖啡(宝龙城市广场2期店),餐饮服务;咖啡厅;咖啡厅,金海路2449弄宝龙城市广场二期7号楼底商,"121.651217,31.265679",上海市,上海市,浦东新区
瑞幸咖啡(恒生万鹂广场店),餐饮服务;餐饮相关场所;餐饮相关,高科东路515弄恒生万鹂广场6B号1层122室,"121.653437,31.211866",上海市,上海市,浦东新区
瑞幸咖啡(阳光天地店),餐饮服务;咖啡厅;咖啡厅,齐爱路与银鼎路交叉口西南120米(唐镇地铁站1号口旁),"121.656231,31.214720",上海市,上海市,浦东新区
瑞幸咖啡(上海第二工业大学店),餐饮服务;咖啡厅;咖啡厅,金海路2360号教学区环东路临商五A号房,"121.651252,31.257373",上海市,上海市,浦东新区
瑞幸咖啡(卡园涛飞店),餐饮服务;咖啡厅;咖啡厅,上丰路999号,"121.661435,31.237623",上海市,上海市,浦东新区
瑞幸咖啡(王港恒生广场店),餐饮服务;咖啡厅;咖啡厅,上丰路1762弄2号,"121.678772,31.240876",上海市,上海市,浦东新区
瑞幸咖啡(翔川路店),餐饮服务;餐饮相关场所;餐饮相关,翔川路绿地东海岸国际广场(川沙地铁站3号口步行440米),"121.698532,31.183639",上海市,上海市,浦东新区
瑞幸咖啡(川沙现代广场店),餐饮服务;咖啡厅;咖啡厅,川沙路4825号川沙现代广场一层,"121.698020,31.194992",上海市,上海市,浦东新区
瑞幸咖啡(第二工业大学店),餐饮服务;餐饮相关场所;餐饮相关,环东路上海第二工业大学(金海路校区),"121.654155,31.261230",上海市,上海市,浦东新区
瑞幸咖啡(浦东机场保税区店),餐饮服务;咖啡厅;咖啡厅,祝桥镇闻居路1333号C区,"121.777497,31.133344",上海市,上海市,浦东新区
瑞幸咖啡(古北SOHO店),餐饮服务;咖啡厅;咖啡厅,虹桥路街道红宝石路188号3幢的古北SOHOB1-05室,"121.404358,31.197830",上海市,上海市,长宁区
瑞幸咖啡(云峰大厦店),餐饮服务;餐饮相关场所;餐饮相关,吴中路478号云峰大厦一层102室,"121.405662,31.185603",上海市,上海市,闵行区
瑞幸咖啡(钦州北路店),餐饮服务;咖啡厅;咖啡厅,钦州北路漕河泾软件大厦,"121.407155,31.178586",上海市,上海市,徐汇区
瑞幸咖啡(古北家乐福店),餐饮服务;咖啡厅;咖啡厅,水城南路262号古北家乐福一层,"121.393757,31.196717",上海市,上海市,长宁区
瑞幸咖啡(吴中大厦店),餐饮服务;餐饮相关场所;餐饮相关,吴中路618号吴中大厦一层101室,"121.398508,31.182693",上海市,上海市,闵行区
瑞幸咖啡(华鑫天地永辉超市店),餐饮服务;咖啡厅;咖啡厅,永辉生活,"121.407289,31.170287",上海市,上海市,徐汇区
瑞幸咖啡(漕河泾齐来科技园店),餐饮服务;餐饮相关场所;餐饮相关,宜山路889号8幢门卫室2室,"121.403098,31.170537",上海市,上海市,徐汇区
瑞幸咖啡(科技产业化大楼店),餐饮服务;咖啡厅;咖啡厅,宜山路900号科技产业化大楼C楼三层生活二次方内,"121.400472,31.171804",上海市,上海市,徐汇区
瑞幸咖啡(虹桥总部一号店),餐饮服务;咖啡厅;咖啡厅,紫秀路100号虹桥总部5号楼一层,"121.382358,31.180088",上海市,上海市,闵行区
瑞幸咖啡(宝燕商城虹中路店),餐饮服务;餐饮相关场所;餐饮相关,虹中路535号宝燕商城一层107号,"121.377965,31.187242",上海市,上海市,闵行区
瑞幸咖啡,餐饮服务;咖啡厅;咖啡厅,莲花路远中产业园-三期,"121.393274,31.171669",上海市,上海市,徐汇区
瑞幸咖啡(上海爱琴海店),餐饮服务;咖啡厅;咖啡厅,虹井路120弄5号爱琴海购物公园一层B104铺,"121.372181,31.174602",上海市,上海市,闵行区
瑞幸咖啡(漕河泾生活二次方店),餐饮服务;咖啡厅;咖啡厅,桂平路391号1号楼漕河泾生活二次方二层214铺位,"121.403229,31.164600",上海市,上海市,徐汇区
瑞幸咖啡(泓茂中心店),餐饮服务;咖啡厅;咖啡厅,万源路2138号泓茂中心一层103单元,"121.387947,31.168526",上海市,上海市,闵行区
瑞幸咖啡(燎申虹桥国际中心店),餐饮服务;餐饮相关场所;餐饮相关,虹井路288号燎申虹桥国际中心B座一层大堂,"121.371388,31.176629",上海市,上海市,闵行区
瑞幸咖啡(吴中路店),餐饮服务;咖啡厅;咖啡厅,吴中路1439号莱茵虹景中心一层大堂,"121.373370,31.171971",上海市,上海市,闵行区
瑞幸咖啡(腾骏德必易园店),餐饮服务;餐饮相关场所;餐饮相关,古美路1658号6B栋一层101室,"121.396195,31.167158",上海市,上海市,徐汇区
瑞幸咖啡(绿地中庚漫游城店),餐饮服务;咖啡厅;咖啡厅,闵虹路8号中庚绿地优鲜店负一层111室,"121.397861,31.131332",上海市,上海市,闵行区
瑞幸咖啡(科技绿洲广场店),餐饮服务;咖啡厅;咖啡厅,虹桥镇宜山路2008号科技绿洲三期生活二次方精选食社B1层美食广场,"121.385445,31.166138",上海市,上海市,闵行区
瑞幸咖啡(百联南方购物中心店),餐饮服务;餐饮相关场所;餐饮相关,沪闵路7388号百联南方购物中心F2,"121.400784,31.131690",上海市,上海市,闵行区
luckin?coffee(七宝宝龙店),餐饮服务;咖啡厅;咖啡厅,七宝宝龙广场T3号楼1层T3-45,"121.353847,31.159550",上海市,上海市,闵行区
瑞幸咖啡(田林路店),餐饮服务;咖啡厅;咖啡厅,田林路漕河泾现代服务园大厦东北侧约30米,"121.398738,31.165559",上海市,上海市,徐汇区
瑞幸咖啡(古美爵士文化广场店),餐饮服务;咖啡厅;咖啡厅,顾戴路1166号古美爵士文化广场,"121.386101,31.139264",上海市,上海市,闵行区
瑞幸咖啡(七宝华润万家店)(装修中),餐饮服务;咖啡厅;咖啡厅,漕宝路3459号B1层麦尚城商场西楼2层JT216-01,"121.349200,31.155625",上海市,上海市,闵行区
瑞幸咖啡(上海今日头条店),餐饮服务;餐饮相关场所;餐饮相关,宜山路1999号科技绿洲B区24号楼字节跳动科技15层,"121.387583,31.166751",上海市,上海市,闵行区
瑞幸咖啡(九星宝龙中心店),餐饮服务;咖啡厅;咖啡厅,新镇路1509弄1号九星集团大厦一层T8,"121.356637,31.158861",上海市,上海市,闵行区
瑞幸咖啡(万科虹桥云店),餐饮服务;咖啡厅;咖啡厅,新龙路1333弄25号万科七宝国际一期一栋一层,"121.337025,31.151649",上海市,上海市,闵行区
瑞幸咖啡(莲花国际广场店),餐饮服务;餐饮相关场所;餐饮相关,沪闵路7866号莲花国际广场负一层B1-24号,"121.402448,31.134062",上海市,上海市,闵行区
瑞幸咖啡(中展大厦店),餐饮服务;咖啡厅;咖啡厅,顾戴路2959号中展大厦一层大堂,"121.354549,31.127469",上海市,上海市,闵行区
瑞幸咖啡(凤凰大楼店),餐饮服务;咖啡厅;咖啡厅,漕田洲路漕河泾凤凰园二次方食堂二层,"121.397191,31.162352",上海市,上海市,徐汇区
瑞幸咖啡(宝虹中心店),餐饮服务;咖啡厅;咖啡厅,中春路7755号宝虹中心一层大堂,"121.341263,31.146153",上海市,上海市,闵行区
瑞幸咖啡(巴黎春天七宝店),餐饮服务;咖啡厅;咖啡厅,七宝镇七莘路3755号巴黎春天一楼,"121.341540,31.165608",上海市,上海市,闵行区
瑞幸咖啡(七宝华润万家店),餐饮服务;咖啡厅;咖啡厅,七莘路万泰公寓西侧约50米(七宝地铁站6号口步行390米),"121.346375,31.157880",上海市,上海市,闵行区
瑞幸咖啡(维璟广场店),餐饮服务;咖啡厅;咖啡厅,七莘路1507号维璟广场B1层G-super内,"121.363054,31.131301",上海市,上海市,闵行区
瑞幸咖啡(歌斐中心店),餐饮服务;咖啡厅;咖啡厅,蒙自路757号上海歌斐中心一层102A1单元,"121.482071,31.197774",上海市,上海市,黄浦区
瑞幸咖啡(建科大厦店),餐饮服务;咖啡厅;咖啡厅,宛平南路75号建科大厦一层101室,"121.445801,31.195542",上海市,上海市,徐汇区
瑞幸咖啡(电科滨江中心店),餐饮服务;餐饮相关场所;餐饮相关,龙华东路647号电科滨江中心一层10单元,"121.476064,31.194622",上海市,上海市,黄浦区
瑞幸咖啡(正大乐城店),餐饮服务;咖啡厅;咖啡厅,中山南二路699号正大乐城F1层6-101-2&102-1,"121.458582,31.186434",上海市,上海市,徐汇区
luckincoffee瑞幸咖啡(建汇大厦店),餐饮服务;咖啡厅;咖啡厅,衡山路与华山路交叉口西南60米,"121.438965,31.195353",上海市,上海市,徐汇区
瑞幸咖啡(百联徐汇商业广场店),餐饮服务;餐饮相关场所;餐饮相关,华山路2018号百联徐汇商业广场负一层魔都食代,"121.436823,31.197668",上海市,上海市,徐汇区
瑞幸咖啡(汇金百货肇嘉浜路店),餐饮服务;咖啡厅;咖啡厅,肇嘉浜路1000号汇金百货地下一层A2商铺,"121.440056,31.195318",上海市,上海市,徐汇区
瑞幸咖啡(绿地缤纷城店),餐饮服务;咖啡厅;咖啡厅,龙华中路759号绿地缤纷城负一层W-B122号,"121.456929,31.183855",上海市,上海市,徐汇区
瑞幸咖啡(上海鲁能国际中心店),餐饮服务;餐饮相关场所;餐饮相关,国耀路209号鲁能国际中心D座一层02单元,"121.486650,31.182040",上海市,上海市,浦东新区
瑞幸咖啡(中铝大厦店),餐饮服务;咖啡厅;咖啡厅,长清北路53号中铝大厦一层大堂,"121.484884,31.184218",上海市,上海市,浦东新区
瑞幸咖啡(嘉汇国际广场店),餐饮服务;餐饮相关场所;餐饮相关,天钥桥路327号嘉汇国际广场F栋嘉食汇一层,"121.443250,31.188753",上海市,上海市,徐汇区
瑞幸咖啡(光启文化广场店),餐饮服务;咖啡厅;咖啡厅,斜土路2899号2幢1层,"121.441090,31.185927",上海市,上海市,徐汇区
瑞幸咖啡(信建大厦店),餐饮服务;咖啡厅;咖啡厅,耀华路488号信建大厦一层大堂,"121.482614,31.172267",上海市,上海市,浦东新区
瑞幸咖啡(虹桥路店),餐饮服务;咖啡厅;咖啡厅,凯旋路1540号轨道交通三号线虹桥路站一层,"121.421062,31.197364",上海市,上海市,长宁区
瑞幸咖啡(数娱大厦店),餐饮服务;餐饮相关场所;餐饮相关,番禺路1028号数娱大厦一层103室,"121.427894,31.194555",上海市,上海市,徐汇区
瑞幸咖啡(环球都会广场店),餐饮服务;咖啡厅;咖啡厅,耀元路58号环球都会广场1号楼一层107室,"121.471453,31.169876",上海市,上海市,浦东新区
瑞幸咖啡(光启城家乐福店),餐饮服务;咖啡厅;咖啡厅,宜山路455号大华光启城负一层120-121号,"121.428512,31.183883",上海市,上海市,徐汇区
瑞幸咖啡(盛源恒华大厦店),餐饮服务;咖啡厅;咖啡厅,文定路200号2幢盛源恒华大厦一层A区大堂,"121.432052,31.186833",上海市,上海市,徐汇区
瑞幸咖啡(绿地汇中心店),餐饮服务;咖啡厅;咖啡厅,云锦路500号绿地汇中心B座一层1-11单元,"121.457241,31.164748",上海市,上海市,徐汇区
瑞幸咖啡(中山SOHO店),餐饮服务;咖啡厅;咖啡厅,中山西路1055号SOHO中山广场A座2层A204室,"121.415242,31.198276",上海市,上海市,长宁区
瑞幸咖啡(大众大厦店),餐饮服务;餐饮相关场所;餐饮相关,中山西路1515号大众大厦1幢一层102室,"121.423268,31.187358",上海市,上海市,徐汇区
瑞幸咖啡(海螺大厦店),餐饮服务;咖啡厅;咖啡厅,中山西路1281号海螺大厦底商,"121.420074,31.191391",上海市,上海市,长宁区
瑞幸咖啡(景鸿大楼店),餐饮服务;咖啡厅;咖啡厅,宜山路508号景鸿大楼一层大堂,"121.425629,31.181915",上海市,上海市,徐汇区
瑞幸咖啡(兆丰环球大厦店),餐饮服务;餐饮相关场所;餐饮相关,中山西路1800号兆丰环球大厦一层大堂,"121.424398,31.183519",上海市,上海市,徐汇区
瑞幸咖啡(汇阳广场店),餐饮服务;咖啡厅;咖啡厅,田林东路55号汇阳广场一层大堂,"121.433686,31.174029",上海市,上海市,徐汇区
瑞幸咖啡(宏润大厦店),餐饮服务;餐饮相关场所;餐饮相关,龙漕路200弄28号宏润大厦1幢一层102室,"121.442631,31.168981",上海市,上海市,徐汇区
瑞幸咖啡(漕宝路日月光店),餐饮服务;咖啡厅;咖啡厅,漕宝路33号日月光购物中心B座一层26-27室,"121.431653,31.168918",上海市,上海市,徐汇区
瑞幸咖啡(建工汇豪大厦店),餐饮服务;餐饮相关场所;餐饮相关,吴中路51号建工汇豪大厦一层大堂,"121.416346,31.187118",上海市,上海市,徐汇区
瑞幸咖啡(华鑫中心店),餐饮服务;咖啡厅;咖啡厅,宜山路717号华鑫中心一层1018、1022室,"121.413912,31.173093",上海市,上海市,徐汇区
瑞幸咖啡(田林坊店),餐饮服务;咖啡厅;咖啡厅,田林路130号田林坊81栋1层大堂,"121.414240,31.172048",上海市,上海市,徐汇区
luckin coffee瑞幸咖啡(徐汇家饰佳店),餐饮服务;咖啡厅;咖啡厅,古宜路与宜山路交叉口西160米,"121.426003,31.184278",上海市,上海市,徐汇区
瑞幸咖啡(中星城店),餐饮服务;咖啡厅;咖啡厅,柳州路77号中星城家乐福一层大堂,"121.428891,31.158662",上海市,上海市,徐汇区
瑞幸咖啡(天源大厦店),餐饮服务;咖啡厅;咖啡厅,内环高架路出口与吴中东路交叉口东南60米,"121.422039,31.188921",上海市,上海市,徐汇区
瑞幸咖啡(龙吴路店),餐饮服务;餐饮相关场所;餐饮相关,龙吴路华沁家园北侧约30米,"121.449903,31.138589",上海市,上海市,徐汇区
瑞幸咖啡(华东理工科技园店),餐饮服务;咖啡厅;咖啡厅,嘉川路245号3号楼上海纳米技术孵化基地一层大堂,"121.429488,31.138230",上海市,上海市,徐汇区
瑞幸咖啡(国民商务花园店),餐饮服务;餐饮相关场所;餐饮相关,虹梅高架路上海国民商务花园,"121.422255,31.125233",上海市,上海市,闵行区
luckin coffee瑞幸咖啡(长江新能源店),餐饮服务;咖啡厅;咖啡厅,九江路675-685号长江新能源大厦1层,"121.477374,31.233776",上海市,上海市,黄浦区
瑞幸咖啡(鸿祥大厦店),餐饮服务;咖啡厅;咖啡厅,黄河路21号鸿祥大厦一层102室,"121.470989,31.233617",上海市,上海市,黄浦区
瑞幸咖啡(仙乐斯广场店),餐饮服务;餐饮相关场所;餐饮相关,南京西路388号上海仙乐斯广场B1,"121.469102,31.231520",上海市,上海市,黄浦区
瑞幸咖啡(雅居乐国际广场店),餐饮服务;咖啡厅;咖啡厅,西藏中路525号雅居乐广场底商,"121.473613,31.236249",上海市,上海市,黄浦区
luckincoffee瑞幸咖啡(第一百货店),餐饮服务;餐饮相关场所;餐饮相关,南京东路830号第一百货商业中心F2,"121.474476,31.235582",上海市,上海市,黄浦区
瑞幸咖啡(远洋商业大厦店),餐饮服务;咖啡厅;咖啡厅,大世界地铁站1号口步行430米,"121.480952,31.230370",上海市,上海市,黄浦区
瑞幸咖啡(港泰广场店),餐饮服务;咖啡厅;咖啡厅,延安东路700号港泰广场瑞幸咖啡,"121.479069,31.229895",上海市,上海市,黄浦区
瑞幸咖啡(恒利国际大厦店),餐饮服务;咖啡厅;咖啡厅,成都北路189号恒利国际大厦,"121.466749,31.227126",上海市,上海市,静安区
瑞幸咖啡(霓虹儿童广场店),餐饮服务;餐饮相关场所;餐饮相关,普安路10号上海霓虹儿童广场普安店负一层南广号,"121.476093,31.226596",上海市,上海市,黄浦区
瑞幸咖啡(淮海中华大厦店),餐饮服务;咖啡厅;咖啡厅,人民路885号淮海中华大厦一层103室,"121.483623,31.225697",上海市,上海市,黄浦区
瑞幸咖啡(旺旺大厦店),餐饮服务;餐饮相关场所;餐饮相关,石门一路213号旺旺大厦大堂一层,"121.462066,31.227874",上海市,上海市,静安区
瑞幸咖啡(新世界大丸百货店),餐饮服务;咖啡厅;咖啡厅,名人基广场(南京东路地铁站5号口旁),"121.484162,31.238154",上海市,上海市,黄浦区
瑞幸咖啡(解放日报大厦店),餐饮服务;咖啡厅;咖啡厅,汉口路300号解放日报大厦底商,"121.484431,31.235909",上海市,上海市,黄浦区
瑞幸咖啡(宏伊国际广场南京东路店),餐饮服务;餐饮相关场所;餐饮相关,南京东路288号宏伊国际广场B1(南京东路地铁站3号口旁),"121.484620,31.237016",上海市,上海市,黄浦区
瑞幸咖啡(旺角广场店),餐饮服务;咖啡厅;咖啡厅,延安东路175号旺角广场一层103室,"121.484646,31.230847",上海市,上海市,黄浦区
瑞幸咖啡(新桥大厦店),餐饮服务;咖啡厅;咖啡厅,新桥路68号新桥大厦店一层102室,"121.466030,31.239984",上海市,上海市,黄浦区
瑞幸咖啡(复兴SOHO店),餐饮服务;咖啡厅;咖啡厅,马当路388号SOHO复兴广场E栋一层107号,"121.474799,31.214543",上海市,上海市,黄浦区
瑞幸咖啡(陕西大厦店),餐饮服务;餐饮相关场所;餐饮相关,延安中路658号陕西大厦一层大堂,"121.461679,31.224367",上海市,上海市,静安区
瑞幸咖啡(上海国际集团大厦店),餐饮服务;咖啡厅;咖啡厅,威海路511号上海国际集团大厦一层,"121.461608,31.226722",上海市,上海市,静安区
瑞幸咖啡(base城市社区苏河店),餐饮服务;咖啡厅;咖啡厅,新疆路518号base城市社区底商,"121.466966,31.242913",上海市,上海市,静安区
瑞幸咖啡(九海百盛店),餐饮服务;咖啡厅;咖啡厅,淮海中路918号九海百盛三层(陕西南路地铁站2号口旁),"121.459125,31.217583",上海市,上海市,黄浦区
瑞幸咖啡(科恩国际中心店),餐饮服务;咖啡厅;咖啡厅,陕西北路66号科恩国际中心一层大堂,"121.456825,31.224898",上海市,上海市,静安区
瑞幸咖啡(兴旺国际服饰城店),餐饮服务;咖啡厅;咖啡厅,江西北路与崇明路交叉口西南20米,"121.483230,31.244973",上海市,上海市,虹口区
瑞幸咖啡(雅克红房子店),餐饮服务;咖啡厅;咖啡厅,陕西南路35号雅克红房子底商,"121.457627,31.220837",上海市,上海市,黄浦区
瑞幸咖啡(泰府名邸店),餐饮服务;咖啡厅;咖啡厅,武定路268号泰府名邸底商,"121.455186,31.235181",上海市,上海市,静安区
瑞幸咖啡(长泰企业天地店),餐饮服务;咖啡厅;咖啡厅,海宁路899号长泰企业天地广场A座一层962单元,"121.477189,31.245862",上海市,上海市,静安区
瑞幸咖啡(嘉里不夜城企业中心店),餐饮服务;餐饮相关场所;餐饮相关,秣陵路228号,"121.454874,31.246958",上海市,上海市,静安区
瑞幸咖啡(上海大悦城店),餐饮服务;咖啡厅;咖啡厅,西藏北路164号静安大悦城北座地下一层B112室,"121.471954,31.244552",上海市,上海市,静安区
瑞幸咖啡(泰禾大厦店),餐饮服务;咖啡厅;咖啡厅,汉中路243号泰禾大厦一楼大堂,"121.456336,31.241909",上海市,上海市,静安区
瑞幸咖啡(上海中信广场店),餐饮服务;餐饮相关场所;餐饮相关,四川北路859号中信广场东区F1层3-01,"121.484312,31.248495",上海市,上海市,虹口区
瑞幸咖啡(中港汇静安店),餐饮服务;咖啡厅;咖啡厅,恒丰路329一层(汉中路地铁站1号口步行330米),"121.455919,31.243614",上海市,上海市,静安区
瑞幸咖啡(银发大厦店),餐饮服务;咖啡厅;咖啡厅,北京西路1068号银发大厦一层大堂,"121.454416,31.230578",上海市,上海市,静安区
瑞辛咖啡店,餐饮服务;咖啡厅;咖啡厅,陕西北路66号科恩国际大厦一楼,"121.456912,31.224857",上海市,上海市,静安区
瑞幸咖啡(永明大厦店),餐饮服务;咖啡厅;咖啡厅,西藏南路1109号永明大厦底商,"121.486707,31.210920",上海市,上海市,黄浦区
瑞幸咖啡(SOHO东海广场店),餐饮服务;餐饮相关场所;餐饮相关,铜仁路299号SOHO东海广场一层104-105室,"121.448647,31.226771",上海市,上海市,静安区
瑞幸咖啡(上海广发大厦店),餐饮服务;咖啡厅;咖啡厅,徐家汇路555号广发大厦一层大堂,"121.472443,31.207860",上海市,上海市,黄浦区
瑞幸咖啡(胶州大楼店),餐饮服务;咖啡厅;咖啡厅,胶州路58号胶州大楼一层(静安寺地铁站2号口步行300米),"121.445361,31.225231",上海市,上海市,静安区
瑞幸咖啡(海泰时代大厦店),餐饮服务;咖啡厅;咖啡厅,武进路289号海泰时代大厦一层107室第五空间内,"121.485289,31.251775",上海市,上海市,虹口区
瑞幸咖啡(太阳CITY店),餐饮服务;咖啡厅;咖啡厅,恒丰路299号京师律师广场1层,"121.456793,31.242931",上海市,上海市,静安区
瑞幸咖啡(壹丰广场店),餐饮服务;餐饮相关场所;餐饮相关,四川北路1363号壹丰广场一层B06室,"121.484036,31.252774",上海市,上海市,虹口区
瑞幸咖啡(虹口SOHO店),餐饮服务;餐饮相关场所;餐饮相关,乍浦路512号虹口SOHO底商,"121.485928,31.253018",上海市,上海市,虹口区
瑞幸咖啡(华祺大厦店),餐饮服务;咖啡厅;咖啡厅,武定路969号1层吧台3-4号,"121.443880,31.230249",上海市,上海市,静安区
瑞幸咖啡(荣德大厦店),餐饮服务;咖啡厅;咖啡厅,峨眉路315号荣德大厦一层102号,"121.490172,31.250641",上海市,上海市,虹口区
瑞幸咖啡(苏河1号店),餐饮服务;咖啡厅;咖啡厅,恒丰路638号苏河1号华森钻石商务广场1层,"121.451559,31.247515",上海市,上海市,静安区
瑞幸咖啡(办伴办公空间耀江店),餐饮服务;咖啡厅;咖啡厅,吴淞路268号耀江国际广场1号楼办伴空间一层,"121.489347,31.248991",上海市,上海市,虹口区
瑞幸咖啡(德安大厦商务中心店),餐饮服务;咖啡厅;咖啡厅,昌平路669号德安大厦底商(昌平路地铁站4号口步行170米),"121.443102,31.234525",上海市,上海市,静安区
瑞幸咖啡(瑞金商务中心店),餐饮服务;咖啡厅;咖啡厅,肇嘉浜路100号瑞金商务中心一层105B室,"121.465117,31.205158",上海市,上海市,黄浦区
瑞幸咖啡(平高国际广场店),餐饮服务;餐饮相关场所;餐饮相关,安远路108号平高国际广场一层06号,"121.446662,31.242057",上海市,上海市,普陀区
瑞幸咖啡(华美达和平酒店店),餐饮服务;咖啡厅;咖啡厅,斜土路688号宿适皇冠酒店1层,"121.472890,31.202326",上海市,上海市,黄浦区
瑞幸咖啡(上海创展大厦店),餐饮服务;咖啡厅;咖啡厅,安远路305号,"121.443263,31.239653",上海市,上海市,静安区
瑞幸咖啡(巴黎春天陕西路店),餐饮服务;咖啡厅;咖啡厅,巴黎春天底商(江宁路地铁站4号口步行350米),"121.442064,31.242392",上海市,上海市,普陀区
瑞幸咖啡(上海瞿溪路店),餐饮服务;咖啡厅;咖啡厅,瞿溪路309-1号(西藏南路地铁站5号口步行410米),"121.490986,31.204594",上海市,上海市,黄浦区
瑞幸咖啡(上海局门路店),餐饮服务;餐饮相关场所;餐饮相关,局门路415号,"121.482133,31.203553",上海市,上海市,黄浦区
瑞幸咖啡(高宝大厦店),餐饮服务;咖啡厅;咖啡厅,四川北路1666号高宝大厦一层大堂,"121.483696,31.257345",上海市,上海市,虹口区
瑞幸咖啡(玖时活力中心),餐饮服务;咖啡厅;咖啡厅,大木桥路18号地下二层(嘉善路地铁站4号口旁),"121.460431,31.201462",上海市,上海市,徐汇区
瑞幸咖啡(源达大厦店),餐饮服务;咖啡厅;咖啡厅,长寿路360号源达大厦一层大堂,"121.439043,31.242096",上海市,上海市,普陀区
瑞幸咖啡(金融街海伦中心店),餐饮服务;咖啡厅;咖啡厅,四平路96号金融海伦中心E楼底商(海伦路地铁站4号口旁),"121.489905,31.259148",上海市,上海市,虹口区
瑞幸咖啡(林顿大厦店),餐饮服务;咖啡厅;咖啡厅,恒丰北路100号林顿大厦一层102室,"121.451661,31.255211",上海市,上海市,静安区
瑞幸咖啡(永融企业中心店),餐饮服务;咖啡厅;咖啡厅,潥阳路1111号永融企业中心一层大堂,"121.488981,31.261327",上海市,上海市,虹口区
瑞幸咖啡(华敏世纪广场店),餐饮服务;餐饮相关场所;餐饮相关,延安西路624号华敏世纪广场底商,"121.435108,31.216244",上海市,上海市,长宁区
瑞幸咖啡(现代交通商务园店),餐饮服务;咖啡厅;咖啡厅,柳营路618号现代交通商务园北楼一层大堂,"121.460185,31.264828",上海市,上海市,静安区
瑞幸咖啡(绿地创客店),餐饮服务;咖啡厅;咖啡厅,东江湾路167号绿地创客底商,"121.479758,31.266896",上海市,上海市,虹口区
瑞幸咖啡(金赢108创意园店),餐饮服务;咖啡厅;咖啡厅,平型关路126号金赢108创意广场银座一层,"121.466782,31.267342",上海市,上海市,静安区
瑞幸咖啡(长寿路店),餐饮服务;咖啡厅;咖啡厅,长寿路恒达广场(长寿路地铁站出入口步行170米),"121.439245,31.240715",上海市,上海市,普陀区
瑞幸咖啡(西部大厦店),餐饮服务;餐饮相关场所;餐饮相关,长寿路767号西部大厦一层大堂,"121.432616,31.236665",上海市,上海市,普陀区
瑞幸咖啡(华东化工大厦店),餐饮服务;咖啡厅;咖啡厅,江苏路591号华东化工大厦一层,"121.432889,31.215052",上海市,上海市,长宁区
luckin coffee瑞幸(甜爱坊店),餐饮服务;咖啡厅;咖啡厅,甜爱支路24号-50号甜爱坊一层103甲室,"121.483587,31.268307",上海市,上海市,虹口区
瑞幸咖啡(名品商厦店),餐饮服务;咖啡厅;咖啡厅,秣陵路228号(上海火车站地铁站3号口旁),"121.458720,31.244885",上海市,上海市,静安区
Luckin coffee瑞幸咖啡(绿地静安柒彩里店),餐饮服务;餐饮相关场所;餐饮相关,万航渡路858号柒彩里中心F1,"121.429565,31.227747",上海市,上海市,静安区
瑞幸咖啡(KING88广场店),餐饮服务;咖啡厅;咖啡厅,长宁路88号King88广场负一层B1-09-01室,"121.427085,31.228810",上海市,上海市,长宁区
瑞幸咖啡(大众金融大厦店),餐饮服务;咖啡厅;咖啡厅,延安西路1088号1层101室,"121.430730,31.211602",上海市,上海市,长宁区
瑞幸咖啡(上海静安大融城店),餐饮服务;咖啡厅;咖啡厅,沪太路1111弄10号1号楼2层L209-2室,"121.474061,31.199668",上海市,上海市,黄浦区
瑞幸咖啡(香溢花城店),餐饮服务;咖啡厅;咖啡厅,石泉东路148号香溢花城底商,"121.434904,31.255644",上海市,上海市,普陀区
瑞幸咖啡(法兰桥创意园店),餐饮服务;咖啡厅;咖啡厅,欧阳路196号法兰桥创意园10号楼一层大堂,"121.487958,31.266922",上海市,上海市,虹口区
瑞幸咖啡(花园坊产业园店),餐饮服务;餐饮相关场所;餐饮相关,中山北一路121号花园坊产业园A2栋一层1024室,"121.477577,31.269979",上海市,上海市,虹口区
瑞幸咖啡(玫瑰坊店),餐饮服务;咖啡厅;咖啡厅,长宁路890号玫瑰坊商场一层F10室,"121.418534,31.219285",上海市,上海市,长宁区
瑞幸咖啡(上海环球港店),餐饮服务;咖啡厅;咖啡厅,中山北路3300号上海环球港北门负一层273号,"121.413188,31.235068",上海市,上海市,普陀区
瑞幸咖啡(平武路店),餐饮服务;咖啡厅;咖啡厅,平武路中国人民解放军海军第905医院,"121.432670,31.208653",上海市,上海市,长宁区
瑞幸咖啡(中瑞商务大厦店),餐饮服务;咖啡厅;咖啡厅,中山北路2438号中瑞商务大厦一层大堂,"121.424630,31.244152",上海市,上海市,普陀区
瑞幸咖啡(嘉利大厦店),餐饮服务;咖啡厅;咖啡厅,延安西路1228弄2号嘉利大厦一层,"121.427771,31.209825",上海市,上海市,长宁区
瑞幸咖啡(绿地和创大厦店),餐饮服务;咖啡厅;咖啡厅,曹杨路450号绿地和创大厦负一层创食季美食广场,"121.420146,31.236899",上海市,上海市,普陀区
瑞幸咖啡(盛泉大楼店),餐饮服务;咖啡厅;咖啡厅,谈家渡路28号盛泉大厦一层大堂,"121.422046,31.234248",上海市,上海市,普陀区
瑞幸咖啡(长宁来福士广场店),餐饮服务;咖啡厅;咖啡厅,长宁路1123号来福士广场东区五层14/15号,"121.415016,31.215877",上海市,上海市,长宁区
瑞幸咖啡(杰地大厦店),餐饮服务;咖啡厅;咖啡厅,凯旋北路606号杰地大厦一层底商,"121.418896,31.240439",上海市,上海市,普陀区
瑞幸咖啡(延安西路店),餐饮服务;咖啡厅;咖啡厅,轨道交通三号线延安西路站延安-3-110商铺(地铁一号出口),"121.417064,31.210159",上海市,上海市,长宁区
瑞幸咖啡(兆丰广场店),餐饮服务;餐饮相关场所;餐饮相关,长宁路999号兆丰广场负一层近中山公园站6号口,"121.418676,31.217977",上海市,上海市,长宁区
瑞幸咖啡(IMshanghai长宁国际店),餐饮服务;咖啡厅;咖啡厅,十钢一号路上海长宁国际发展广场(IM Shanghai长宁国际)东南侧约30米,"121.422298,31.198539",上海市,上海市,长宁区
瑞幸咖啡(浦发广场店),餐饮服务;咖啡厅;咖啡厅,中山北路1737号浦发广场1层A104-B室,"121.434130,31.251885",上海市,上海市,普陀区
瑞幸咖啡(电科大厦店),餐饮服务;餐饮相关场所;餐饮相关,武宁路509号电科大厦一层大堂,"121.413888,31.244673",上海市,上海市,普陀区
瑞幸咖啡(热浪荟健身清水湾店),餐饮服务;咖啡厅;咖啡厅,凯旋北路1495号热浪荟健身房一层大堂,"121.412518,31.229240",上海市,上海市,普陀区
瑞幸咖啡(万宝国际商务中心店),餐饮服务;咖啡厅;咖啡厅,新华路664号25号万宝国际商务中心一层大堂,"121.420333,31.205272",上海市,上海市,长宁区
瑞幸咖啡(定西路店),餐饮服务;咖啡厅;咖啡厅,定西路银统大厦,"121.422871,31.213454",上海市,上海市,长宁区
瑞幸咖啡(大华虎城店),餐饮服务;咖啡厅;咖啡厅,大华路352号大华虎城嘉年华一层105室,"121.414090,31.270116",上海市,上海市,宝山区
瑞幸咖啡(华闻国际大厦店),餐饮服务;餐饮相关场所;餐饮相关,中山西路999号华闻国际大厦一层大堂,"121.414300,31.199586",上海市,上海市,长宁区
瑞幸咖啡(龙之梦购物公园店),餐饮服务;咖啡厅;咖啡厅,长宁路1018号龙之梦购物中心B2层B2-K10A,"121.417163,31.218593",上海市,上海市,长宁区
瑞幸咖啡(天山SOHO店),餐饮服务;餐饮相关场所;餐饮相关,天山路1737号SOHO天山广场,"121.408485,31.209519",上海市,上海市,长宁区
瑞幸咖啡(春之声大厦店),餐饮服务;餐饮相关场所;餐饮相关,中山北路3323号春之声大厦1楼,"121.411307,31.234013",上海市,上海市,普陀区
瑞幸咖啡(百盛优客店),餐饮服务;咖啡厅;咖啡厅,天山路789号百盛优客城市广场五层E02室,"121.403669,31.210589",上海市,上海市,长宁区
瑞幸咖啡(仲盛金融中心店),餐饮服务;餐饮相关场所;餐饮相关,延安西路2067号仲盛金融中心大厦一层03号,"121.408326,31.204020",上海市,上海市,长宁区
瑞幸咖啡(金虹桥店),餐饮服务;咖啡厅;咖啡厅,茅台路179号金虹桥商场负一层LG1011,"121.403321,31.208112",上海市,上海市,长宁区
瑞幸咖啡(古北路店),餐饮服务;咖啡厅;咖啡厅,古北路申菱大厦北侧(娄山关路地铁站5号口步行280米),"121.400840,31.209505",上海市,上海市,长宁区
瑞幸咖啡(远东国际广场店),餐饮服务;咖啡厅;咖啡厅,仙霞路319号远东国际广场A栋一层101室,"121.400733,31.206366",上海市,上海市,长宁区
瑞幸咖啡(协泰中心店),餐饮服务;咖啡厅;咖啡厅,遵义南路88号协泰中心一层大堂,"121.406067,31.204312",上海市,上海市,长宁区
瑞幸咖啡(巴黎春天宝山店),餐饮服务;餐饮相关场所;餐饮相关,真华路888号巴黎春天百货B1,"121.412068,31.270402",上海市,上海市,宝山区
瑞幸咖啡(北巷小区店),餐饮服务;咖啡厅;咖啡厅,怒江北路北巷小区,"121.390077,31.236195",上海市,上海市,普陀区
luckincoffee瑞幸咖啡(东方出版中心店),餐饮服务;餐饮相关场所;餐饮相关,仙霞路345号东方出版中心一层大堂,"121.397991,31.206194",上海市,上海市,长宁区
瑞幸咖啡(国盛中心店),餐饮服务;餐饮相关场所;餐饮相关,中江路388弄国盛中心1号101A室,"121.393543,31.225323",上海市,上海市,普陀区
瑞幸咖啡(天地软件园店),餐饮服务;餐饮相关场所;餐饮相关,中江路879弄上海天地软件园23号一层,"121.389686,31.233465",上海市,上海市,普陀区
瑞幸咖啡(天山路店),餐饮服务;咖啡厅;咖啡厅,天山路600弄思创大厦4号楼,"121.395992,31.213273",上海市,上海市,长宁区
瑞幸咖啡(长风嘉庭国际店),餐饮服务;咖啡厅;咖啡厅,云岭东路391弄3号长风嘉庭国际一层大堂,"121.388054,31.222279",上海市,上海市,普陀区
瑞幸咖啡(鸿海大厦店),餐饮服务;餐饮相关场所;餐饮相关,真北路2167号鸿海大厦一层大堂,"121.391204,31.253633",上海市,上海市,普陀区
瑞幸咖啡(星空广场店),餐饮服务;咖啡厅;咖啡厅,虹桥路1665号星空广场一楼,"121.393014,31.200182",上海市,上海市,长宁区
瑞幸咖啡(新长征商务大厦店),餐饮服务;餐饮相关场所;餐饮相关,梅川路1247号4幢新长征商务大厦一层大堂,"121.384355,31.241017",上海市,上海市,普陀区
瑞幸咖啡(上海红星美凯龙店),餐饮服务;餐饮相关场所;餐饮相关,真北路1108号红星美凯龙南馆负一层,"121.385431,31.238070",上海市,上海市,普陀区
瑞幸咖啡(河畔花园店),餐饮服务;咖啡厅;咖啡厅,周家桥街道水城路883弄1号会所西入口,"121.391024,31.215772",上海市,上海市,长宁区
瑞幸咖啡(中环百联店),餐饮服务;咖啡厅;咖啡厅,真光路1288号中环百联购物中心一层B区,"121.384060,31.245858",上海市,上海市,普陀区
瑞幸咖啡(旭辉世纪广场店),餐饮服务;咖啡厅;咖啡厅,丹巴路与光复西路交叉口东北120米,"121.381166,31.221957",上海市,上海市,普陀区
瑞幸咖啡(赢华国际广场店),餐饮服务;餐饮相关场所;餐饮相关,光复西路2899弄赢华国际广场8号楼一层,"121.384181,31.221426",上海市,上海市,普陀区
瑞幸咖啡(绿洲中环中心店),餐饮服务;餐饮相关场所;餐饮相关,金沙江路1628弄楼绿洲中环中心5号楼金逸影城一层大堂,"121.379372,31.234472",上海市,上海市,普陀区
瑞幸咖啡(光华大厦店),餐饮服务;咖啡厅;咖啡厅,茅台路876号光华大厦一层A1室,"121.382921,31.210913",上海市,上海市,长宁区
瑞幸咖啡(118广场店),餐饮服务;餐饮相关场所;餐饮相关,金沙江路1685号118广场16幢一层BN1-7号,"121.378240,31.231692",上海市,上海市,普陀区
瑞幸咖啡(新长征中环大厦店),餐饮服务;餐饮相关场所;餐饮相关,真光路1219号新长征中环大厦一层大堂,"121.380640,31.243353",上海市,上海市,普陀区
瑞幸咖啡(苏宁天御国际广场店),餐饮服务;咖啡厅;咖啡厅,丹巴路99号苏宁天御国际广场A2座一层105号,"121.380310,31.222639",上海市,上海市,普陀区
瑞幸咖啡(真如铁三角科技园店),餐饮服务;咖啡厅;咖啡厅,真如镇绥德路2弄1号一层101A室,"121.383137,31.263735",上海市,上海市,普陀区
瑞幸咖啡(家乐福天山路店),餐饮服务;咖啡厅;咖啡厅,蒲淞北路18号家乐福超市负一层B103室,"121.375381,31.217102",上海市,上海市,长宁区
瑞幸咖啡(同普大厦店),餐饮服务;餐饮相关场所;餐饮相关,同普路1220号同普大厦一层大堂,"121.370307,31.232695",上海市,上海市,普陀区
瑞幸咖啡(缤谷大厦店),餐饮服务;咖啡厅;咖啡厅,威宁路与天山路交叉口南140米,"121.384909,31.213993",上海市,上海市,长宁区
瑞幸咖啡(凌空SOHO九号楼店),餐饮服务;咖啡厅;咖啡厅,金钟路968号凌空SOHO9号楼负一层C09、C10号,"121.353419,31.221227",上海市,上海市,长宁区
瑞幸咖啡(晨讯科技大楼店),餐饮服务;咖啡厅;咖啡厅,金钟路633号晨讯科技大楼B座一层大堂,"121.359824,31.220178",上海市,上海市,长宁区
瑞幸咖啡(建滔广场店),餐饮服务;咖啡厅;咖啡厅,通协路269号建滔广场4号楼一层135号,"121.355753,31.225061",上海市,上海市,长宁区
瑞幸咖啡(江桥老街店),餐饮服务;餐饮相关场所;餐饮相关,江桥镇虞姬墩路588号103室,"121.342199,31.256819",上海市,上海市,嘉定区
瑞幸咖啡(旭辉虹桥国际店),餐饮服务;咖啡厅;咖啡厅,通协路278号旭辉虹桥国际1号楼底商,"121.354716,31.227647",上海市,上海市,长宁区
瑞幸咖啡(中山国际广场店),餐饮服务;餐饮相关场所;餐饮相关,天山西路789号中山国际广场B栋一层大堂,"121.355225,31.217934",上海市,上海市,长宁区
luckincoffee瑞幸咖啡(临沂路百联社区店),餐饮服务;咖啡厅;咖啡厅,临沂路140号百联临沂购物中心(临沂路店)F1,"121.512175,31.194902",上海市,上海市,浦东新区
瑞幸咖啡(昌里路店),餐饮服务;咖啡厅;咖啡厅,昌里路上钢四村社区(长清路地铁站7号口步行350米),"121.492133,31.173632",上海市,上海市,浦东新区
瑞幸咖啡(最家空间·亿丰时代广场店),餐饮服务;咖啡厅;咖啡厅,三林镇云台路800号亿丰时代广场2层,"121.507269,31.163012",上海市,上海市,浦东新区
瑞幸咖啡(新世界百货成山店),餐饮服务;餐饮相关场所;餐饮相关,成山路1993号巴黎春天新世界百货B1,"121.535311,31.178907",上海市,上海市,浦东新区
瑞幸咖啡(森宏购物广场店),餐饮服务;餐饮相关场所;餐饮相关,长清路1200号森宏购物广场F1层大润发1056号,"121.491868,31.150190",上海市,上海市,浦东新区
瑞幸咖啡(中房金谊广场店),餐饮服务;咖啡厅;咖啡厅,上南路4467弄20号中房金谊广场一层116室,"121.512727,31.141263",上海市,上海市,浦东新区
瑞幸咖啡(三林印象城店),餐饮服务;餐饮相关场所;餐饮相关,永泰路1058弄1-26号新达汇·三林B1,"121.525643,31.142208",上海市,上海市,浦东新区
瑞幸咖啡(红星美凯龙沪南商场店),餐饮服务;餐饮相关场所;餐饮相关,沪南路2178号红星美凯龙负一层,"121.560091,31.159004",上海市,上海市,浦东新区
luckincoffee瑞幸咖啡(汇宝中心店),餐饮服务;餐饮相关场所;餐饮相关,沪南路2633弄汇宝中心一层大堂,"121.567615,31.147681",上海市,上海市,浦东新区
瑞幸咖啡(御河硅谷店),餐饮服务;咖啡厅;咖啡厅,五星路706弄天安万科御河硅谷二期1号楼一层107A室,"121.574523,31.176338",上海市,上海市,浦东新区
瑞幸咖啡(金创大厦店),餐饮服务;咖啡厅;咖啡厅,中科路702号的金创大厦1层102,"121.600836,31.178206",上海市,上海市,浦东新区
瑞幸咖啡(半岛科技园店),餐饮服务;咖啡厅;咖啡厅,达尔文路88号半岛科技园17号楼底商,"121.584934,31.192770",上海市,上海市,浦东新区
瑞幸咖啡(上海电影艺术学校店),餐饮服务;咖啡厅;咖啡厅,华佗路280弄31号海艺数字影城一层大厅,"121.591771,31.191029",上海市,上海市,浦东新区
瑞幸咖啡(张江药谷B区店),餐饮服务;咖啡厅;咖啡厅,哈雷路882号国家生物医药基地一层大堂,"121.603984,31.196389",上海市,上海市,浦东新区
瑞幸咖啡(如意智慧酒店店),餐饮服务;咖啡厅;咖啡厅,科苑路1500号如意智慧酒店一层大堂,"121.590827,31.185731",上海市,上海市,浦东新区
瑞幸咖啡(浦东盛大天地店),餐饮服务;咖啡厅;咖啡厅,张衡路666弄1号楼大堂,"121.596287,31.187543",上海市,上海市,浦东新区
瑞幸咖啡(荣科路万科翡翠公园店),餐饮服务;咖啡厅;咖啡厅,荣科路280号2049翡翠公园一层,"121.610853,31.179714",上海市,上海市,浦东新区
瑞幸咖啡(康桥万信酒店店),餐饮服务;咖啡厅;咖啡厅,秀沿路1668号万信酒店一层大堂,"121.593071,31.136160",上海市,上海市,浦东新区
瑞幸咖啡(漕河泾康桥商务绿洲店),餐饮服务;咖啡厅;咖啡厅,秀浦路2555号漕河泾康桥商务绿洲A区8幢一层大堂,"121.608161,31.130515",上海市,上海市,浦东新区
瑞幸咖啡(创研智造橙空间店),餐饮服务;咖啡厅;咖啡厅,秀浦路3188弄D11区59号创研智造橙空间一层大堂,"121.623199,31.129150",上海市,上海市,浦东新区
瑞幸咖啡(盛大天地源创谷店),餐饮服务;餐饮相关场所;餐饮相关,盛荣路88弄2号楼对面绿谷小食代内,"121.604778,31.172154",上海市,上海市,浦东新区
瑞幸咖啡(金桥购物中心店),餐饮服务;快餐厅;快餐厅,碧云路555号金桥购物中心一层,"121.580548,31.238597",上海市,上海市,浦东新区
Luckin coffee瑞幸咖啡(传奇广场店),餐饮服务;咖啡厅;咖啡厅,碧波路635号上海传奇商业广场F1,"121.585089,31.200214",上海市,上海市,浦东新区
瑞幸咖啡(福建天安大厦店),餐饮服务;餐饮相关场所;餐饮相关,金桥路1391号1层场地,"121.588857,31.252860",上海市,上海市,浦东新区
luckin coffee瑞幸咖啡(张江微电子港店),餐饮服务;咖啡厅;咖啡厅,碧波路上海芬华创新中心公司,"121.583370,31.198785",上海市,上海市,浦东新区
瑞幸咖啡(浦东软件园亮秀路店),餐饮服务;餐饮相关场所;餐饮相关,亮秀路112号浦东软件园Y2座一层102室,"121.603417,31.199145",上海市,上海市,浦东新区
瑞幸咖啡(金桥国际商业广场店),餐饮服务;咖啡厅;咖啡厅,张杨路3611号金桥国际商业广场F2,"121.580035,31.256203",上海市,上海市,浦东新区
瑞幸咖啡(LaLaport金桥店),餐饮服务;咖啡厅;咖啡厅,金科路与浙桥路交叉口东120米,"121.603813,31.252996",上海市,上海市,浦东新区
瑞幸咖啡(禹州蓝爵店),餐饮服务;餐饮相关场所;餐饮相关,金港路199弄禹洲蓝爵3号一层,"121.610327,31.256967",上海市,上海市,浦东新区
瑞幸咖啡(由度空间店),餐饮服务;咖啡厅;咖啡厅,宁桥路600号由度空间5幢底商,"121.615944,31.251880",上海市,上海市,浦东新区
瑞幸咖啡(麦腾智慧天地店),餐饮服务;餐饮相关场所;餐饮相关,锦绣东路1999号麦腾智慧天地3幢一层130室,"121.606540,31.239450",上海市,上海市,浦东新区
瑞幸咖啡(星创科技广场店),餐饮服务;餐饮相关场所;餐饮相关,申江路5005弄星创科技广场2号楼一层大堂,"121.626703,31.209473",上海市,上海市,浦东新区
瑞幸咖啡(日月光总部店),餐饮服务;咖啡厅;咖啡厅,盛夏路169号A栋一层118B室,"121.629887,31.212685",上海市,上海市,浦东新区
瑞幸咖啡(凯龙金领大厦店),餐饮服务;咖啡厅;咖啡厅,金桥经济技术开发区新金桥路1888号凯龙金领大厦40栋1层,"121.622956,31.260206",上海市,上海市,浦东新区
瑞幸咖啡(光大安石科技园店),餐饮服务;咖啡厅;咖啡厅,盛夏路500弄光大安石科技园4号楼一层101室,"121.628749,31.209216",上海市,上海市,浦东新区
瑞幸咖啡(张江集电港店),餐饮服务;咖啡厅;咖啡厅,龙东大道3000号张江集电港1号楼一层104室,"121.633770,31.222602",上海市,上海市,浦东新区
luckincoffee瑞幸咖啡(金领之都店),餐饮服务;餐饮相关场所;餐饮相关,金桥经济技术开发区金海路1000号金领之都25号楼一层,"121.620472,31.262647",上海市,上海市,浦东新区
瑞幸咖啡(开文大厦店),餐饮服务;咖啡厅;咖啡厅,张江路368号30幢开文大厦一层,"121.610798,31.209286",上海市,上海市,浦东新区
luckincoffee瑞幸咖啡(上投盛银大厦店),餐饮服务;咖啡厅;咖啡厅,盛夏路666号盛银大厦5幢一层大堂,"121.628726,31.204973",上海市,上海市,浦东新区
瑞幸咖啡(申江路店),餐饮服务;咖啡厅;咖啡厅,申江路与桂桥路交叉口西南180米,"121.624032,31.244670",上海市,上海市,浦东新区
瑞幸咖啡(莘泽创业园店),餐饮服务;咖啡厅;咖啡厅,张江科技园区盛夏路608号2幢一层大堂,"121.628421,31.207892",上海市,上海市,浦东新区
瑞幸咖啡(锦绣申江创新园店),餐饮服务;咖啡厅;咖啡厅,锦绣东路2777号10号楼103室,"121.624542,31.244108",上海市,上海市,浦东新区
瑞幸咖啡(万创中心店),餐饮服务;餐饮相关场所;餐饮相关,冀桥路700号万创中心B栋一层,"121.628878,31.257511",上海市,上海市,浦东新区
瑞幸咖啡(中芯国际店),餐饮服务;咖啡厅;咖啡厅,哈雷路59号中芯国际SO8栋一层,"121.621992,31.219988",上海市,上海市,浦东新区
瑞幸咖啡(浦东软件园郭守敬路店),餐饮服务;咖啡厅;咖啡厅,郭守敬路498号上海浦东软件园1幢1112室,"121.598374,31.210163",上海市,上海市,浦东新区
瑞幸咖啡(外滩SOHO店),餐饮服务;咖啡厅;咖啡厅,中山东二路58号上海外滩SOHOB1层41室,"121.493617,31.229841",上海市,上海市,黄浦区
瑞幸咖啡(外滩十六铺店),餐饮服务;咖啡厅;咖啡厅,中山东二路531号外滩十六铺负一层,"121.498392,31.227627",上海市,上海市,黄浦区
瑞幸咖啡(上港国际客运中心店),餐饮服务;餐饮相关场所;餐饮相关,东大名路500号上海港客运中心负一层B1区邮食荟美食广场,"121.498167,31.247048",上海市,上海市,虹口区
瑞幸咖啡(创邑老码头店),餐饮服务;餐饮相关场所;餐饮相关,中山南路505号老码头5号楼底商,"121.505798,31.219931",上海市,上海市,黄浦区
瑞幸咖啡(上海金茂大厦店),餐饮服务;咖啡厅;咖啡厅,世纪大道88号金茂大厦裙楼3层3C-06号,"121.505076,31.235795",上海市,上海市,浦东新区
瑞幸咖啡(华能联合大厦店),餐饮服务;咖啡厅;咖啡厅,陆家嘴环路958号华能联合大厦大堂,"121.508059,31.239206",上海市,上海市,浦东新区
瑞幸咖啡(上海湾店),餐饮服务;咖啡厅;咖啡厅,浦东南路1138号上海湾1层134室商场室号116,"121.513673,31.226626",上海市,上海市,浦东新区
瑞幸咖啡(国家开发银行店),餐饮服务;咖啡厅;咖啡厅,"浦东南路500号国家开发银行一层X,Y单元","121.510467,31.237064",上海市,上海市,浦东新区
瑞幸咖啡(二十一世纪大厦店),餐饮服务;餐饮相关场所;餐饮相关,世纪大道210号二十一世纪大厦一层102室,"121.509474,31.234302",上海市,上海市,浦东新区
瑞幸咖啡(绿地尚悦湾店),餐饮服务;咖啡厅;咖啡厅,银城路66号尚悦湾负一层绿地超市内,"121.510415,31.241638",上海市,上海市,浦东新区
瑞幸咖啡(浦江双辉店),餐饮服务;咖啡厅;咖啡厅,银城路9号浦江双辉广场B1-101,"121.509062,31.242077",上海市,上海市,浦东新区
瑞幸咖啡(上海第一八佰伴店),餐饮服务;咖啡厅;咖啡厅,张杨路501号上海第一八佰伴2号门右侧一层1-046号,"121.516651,31.228006",上海市,上海市,浦东新区
瑞幸咖啡(浦江国际广场店),餐饮服务;餐饮相关场所;餐饮相关,东大名路1118号浦江国际金融大厦一层103室,"121.509730,31.251524",上海市,上海市,虹口区
瑞幸咖啡(华夏银行大厦店),餐饮服务;咖啡厅;咖啡厅,浦东南路256号华夏银行大厦一层大堂,"121.508804,31.239700",上海市,上海市,浦东新区
瑞幸咖啡(大世界城店),餐饮服务;咖啡厅;咖啡厅,四平路228号上海大世界城1层107-108,"121.491262,31.264281",上海市,上海市,虹口区
瑞幸咖啡(良友大厦店),餐饮服务;餐饮相关场所;餐饮相关,商城路618良友大厦B1美食城二期,"121.518172,31.230252",上海市,上海市,浦东新区
瑞幸咖啡(上海大同中学店),餐饮服务;咖啡厅;咖啡厅,南车站路364号,"121.492899,31.206088",上海市,上海市,黄浦区
瑞幸咖啡(星乐汇广场店),餐饮服务;咖啡厅;咖啡厅,公平路36号负一层9-1室(提篮桥地铁站3号口步行400米),"121.507610,31.250168",上海市,上海市,虹口区
瑞幸咖啡(建邦大厦店),餐饮服务;咖啡厅;咖啡厅,虹关路368号上海艾格瑞服务式公寓一层102-1室,"121.495854,31.266589",上海市,上海市,虹口区
瑞幸咖啡(金穗大厦店),餐饮服务;咖啡厅;咖啡厅,浦东南路(浦东南路地铁站3B口步行270米),"121.510425,31.239204",上海市,上海市,浦东新区
瑞幸咖啡(裕景国际店),餐饮服务;咖啡厅;咖啡厅,昌邑路538弄3号裕景国际商务广场底商,"121.520185,31.241506",上海市,上海市,浦东新区
瑞幸咖啡(上海天安数码城店),餐饮服务;咖啡厅;咖啡厅,临潼路170号上海天安数码城一层113室,"121.513682,31.254388",上海市,上海市,虹口区
瑞幸咖啡(上海光大大厦店),餐饮服务;咖啡厅;咖啡厅,世纪大道1122号光大大厦一层沿街,"121.520597,31.231091",上海市,上海市,浦东新区
瑞幸咖啡(生命人寿大厦店),餐饮服务;咖啡厅;咖啡厅,张杨路707号生命人寿大厦一层大堂,"121.520220,31.229280",上海市,上海市,浦东新区
瑞幸咖啡(中锦滨江大厦店),餐饮服务;咖啡厅;咖啡厅,浦东南路1969号中锦滨江大厦一层,"121.518415,31.211276",上海市,上海市,浦东新区
瑞幸咖啡(滨江2250店),餐饮服务;餐饮相关场所;餐饮相关,浦东南路2250号滨江2250一层大堂,"121.513473,31.204849",上海市,上海市,浦东新区
瑞幸咖啡(裕安大厦店),餐饮服务;餐饮相关场所;餐饮相关,东方路738号裕安大厦一层大堂,"121.524668,31.228612",上海市,上海市,浦东新区
瑞幸咖啡(昇汇广场店),餐饮服务;咖啡厅;咖啡厅,大连路555号昇汇广场一层大堂,"121.511472,31.259302",上海市,上海市,虹口区
瑞幸咖啡(百联世纪购物中心店),餐饮服务;餐饮相关场所;餐饮相关,世纪大道1217号百联世纪购物中心五层G59-F05-1-009A,"121.527043,31.230130",上海市,上海市,浦东新区
瑞幸咖啡(创邑海上海店),餐饮服务;餐饮相关场所;餐饮相关,飞虹路568弄创邑海上海12号一层,"121.507933,31.265982",上海市,上海市,杨浦区
瑞幸咖啡(强生大厦店),餐饮服务;餐饮相关场所;餐饮相关,浦建路145号强生大厦二层咖啡吧,"121.522532,31.208837",上海市,上海市,浦东新区
瑞幸咖啡(左岸88创意园店),餐饮服务;餐饮相关场所;餐饮相关,北张家浜路88号左岸创意园C座一层大堂,"121.522325,31.216044",上海市,上海市,浦东新区
瑞幸咖啡(荣广商务中心店),餐饮服务;咖啡厅;咖啡厅,江浦路街道荆州路280号荣广商务中心d区瑞幸咖啡,"121.514034,31.259905",上海市,上海市,杨浦区
瑞幸咖啡(开伦大厦店),餐饮服务;咖啡厅;咖啡厅,峨山路91弄38-48号开伦鑫座大厦一层R区,"121.532894,31.216333",上海市,上海市,浦东新区
瑞幸咖啡(宝地广场城市集市店),餐饮服务;咖啡厅;咖啡厅,唐山路1018号宝地广场B1,"121.511621,31.261561",上海市,上海市,杨浦区
瑞幸咖啡(同盛大厦店),餐饮服务;餐饮相关场所;餐饮相关,福山路458号同盛大厦一层大堂,"121.531359,31.223121",上海市,上海市,浦东新区
Luckin coffee瑞幸咖啡(钱江大厦店),餐饮服务;咖啡厅;咖啡厅,东方路一百杉杉大厦邵记美食广场,"121.529952,31.222689",上海市,上海市,浦东新区
瑞幸咖啡(三九商务园店),餐饮服务;餐饮相关场所;餐饮相关,吉林路60号三九商务楼一层101-B室,"121.520327,31.261512",上海市,上海市,杨浦区
瑞幸咖啡(国际华城店),餐饮服务;咖啡厅;咖啡厅,张杨路1365号陆家嘴国际华城南门一层近源深体育中心站1号口,"121.535239,31.234032",上海市,上海市,浦东新区
瑞幸咖啡(富都广场店),餐饮服务;咖啡厅;咖啡厅,东方路1367号富都广场一层L1-11B单元,"121.529143,31.212328",上海市,上海市,浦东新区
瑞幸咖啡(全华信息大厦店),餐饮服务;餐饮相关场所;餐饮相关,福山路455号全华信息大厦一层大堂,"121.531891,31.224168",上海市,上海市,浦东新区
瑞幸咖啡(世纪金融广场店),餐饮服务;咖啡厅;咖啡厅,杨高南路759号世纪金融广场二层05号,"121.534794,31.212844",上海市,上海市,浦东新区
瑞幸咖啡(国际设计中心店),餐饮服务;咖啡厅;咖啡厅,长阳路1080号国际设计中心8号楼一层101室,"121.524781,31.263116",上海市,上海市,杨浦区
luckin coffee瑞幸咖啡(合生财富广场店),餐饮服务;咖啡厅;咖啡厅,大连路839号合生财富广场A座一层大堂,"121.507211,31.263255",上海市,上海市,虹口区
瑞幸咖啡(印坊928创意园店),餐饮服务;咖啡厅;咖啡厅,齐齐哈尔路920号印坊928创意园20幢北半幢一层102沿街,"121.524567,31.266943",上海市,上海市,杨浦区
瑞幸咖啡(四季广场店),餐饮服务;餐饮相关场所;餐饮相关,长阳路1568号四季广场5号楼一层102、103单元,"121.533220,31.267748",上海市,上海市,杨浦区
瑞幸咖啡(东方渔人码头店),餐饮服务;咖啡厅;咖啡厅,杨树浦路1088号东方渔人码头B区101-1室,"121.531908,31.251626",上海市,上海市,杨浦区
瑞幸咖啡(航运科研大厦店),餐饮服务;咖啡厅;咖啡厅,民生路628号航运科研大厦一层102室,"121.543062,31.237858",上海市,上海市,浦东新区
瑞幸咖啡(上海建工大厦店),餐饮服务;咖啡厅;咖啡厅,福山路33号建工大厦一层大堂,"121.526686,31.237480",上海市,上海市,浦东新区
瑞幸咖啡(绿地汇方广场店),餐饮服务;餐饮相关场所;餐饮相关,宁国路111号绿地汇方广场4号楼一层101室,"121.537670,31.262194",上海市,上海市,杨浦区
瑞幸咖啡(东辰大厦店),餐饮服务;餐饮相关场所;餐饮相关,牡丹路60号东辰大厦一层102号,"121.544743,31.205463",上海市,上海市,浦东新区
Luckin coffee瑞幸咖啡(置汇旭辉广场店),餐饮服务;咖啡厅;咖啡厅,张杨路2389弄1-2号置汇旭辉广场购物中心负一层10室,"121.555160,31.242690",上海市,上海市,浦东新区
瑞幸咖啡(证大立方大厦店),餐饮服务;咖啡厅;咖啡厅,长柳路58号证大立方大厦一层大堂,"121.551135,31.224039",上海市,上海市,浦东新区
瑞幸咖啡(信息大厦店),餐饮服务;咖啡厅;咖啡厅,民生路1403号上海信息大厦一层101B室,"121.551358,31.224047",上海市,上海市,浦东新区
瑞幸咖啡(南洋泾路店),餐饮服务;咖啡厅;咖啡厅,南洋泾路界龙总部园(芳甸路地铁站3号口步行150米),"121.556647,31.232006",上海市,上海市,浦东新区
瑞幸咖啡(建工大唐店),餐饮服务;咖啡厅;咖啡厅,樱花路868号建工大唐国际广场一层大堂,"121.562277,31.207115",上海市,上海市,浦东新区
